AN_BASE;NM_GRANDE_AREA_CONHECIMENTO;NM_AREA_CONHECIMENTO;NM_AREA_BASICA;NM_SUBAREA_CONHECIMENTO;NM_ESPECIALIDADE;CD_AREA_AVALIACAO;NM_AREA_AVALIACAO;CD_ENTIDADE_CAPES;CD_ENTIDADE_EMEC;SG_ENTIDADE_ENSINO;NM_ENTIDADE_ENSINO;IN_REDE;SG_ENTIDADE_ENSINO_REDE;CS_STATUS_JURIDICO;DS_DEPENDENCIA_ADMINISTRATIVA;DS_ORGANIZACAO_ACADEMICA;NM_REGIAO;SG_UF_PROGRAMA;NM_MUNICIPIO_PROGRAMA_IES;NM_MODALIDADE_PROGRAMA;CD_PROGRAMA_IES;NM_PROGRAMA_IES;NM_PROGRAMA_IDIOMA;NM_GRAU_PROGRAMA;CD_CONCEITO_PROGRAMA;AN_INICIO_PROGRAMA;AN_INICIO_CURSO;DS_SITUACAO_PROGRAMA;DT_SITUACAO_PROGRAMA;ID_ADD_FOTO_PROGRAMA_IES;ID_ADD_FOTO_PROGRAMA
2024;CIĘNCIAS BIOLÓGICAS;ECOLOGIA;ECOLOGIA;NĂO SE APLICA;NĂO SE APLICA;7;BIODIVERSIDADE;10001018;699;UNIR;UNIVERSIDADE FEDERAL DE RONDÔNIA;NĂO;NA;FEDERAL;PÚBLICA;UNIVERSIDADE;NORTE;RO;PORTO VELHO;ACADĘMICO;10001018041P7;CONSERVAÇĂO E USO DE RECURSOS NATURAIS;CONSERVATION AND USE OF NATURAL RESOURCES;MESTRADO;3;2019;2019;EM FUNCIONAMENTO;28AUG2019:00:00:00;264601;198513
2024;LINGÜÍSTICA, LETRAS E ARTES;LETRAS;LETRAS;NĂO SE APLICA;NĂO SE APLICA;41;LINGUÍSTICA E LITERATURA;10001018;699;UNIR;UNIVERSIDADE FEDERAL DE RONDÔNIA;NĂO;NA;FEDERAL;PÚBLICA;UNIVERSIDADE;NORTE;RO;PORTO VELHO;ACADĘMICO;10001018010P4;LETRAS;MASTER DEGREE: MESTRADO ACADĘMICO EM LETRAS;MESTRADO;4;2010;2010;EM FUNCIONAMENTO;23APR2013:00:00:00;264383;198299
2024;CIĘNCIAS SOCIAIS APLICADAS;ADMINISTRAÇĂO;ADMINISTRAÇĂO;NĂO SE APLICA;NĂO SE APLICA;27;ADMINISTRAÇĂO PÚBLICA E DE EMPRESAS, CIĘNCIAS CONTÁBEIS E TURISMO;10001018;699;UNIR;UNIVERSIDADE FEDERAL DE RONDÔNIA;NĂO;NA;FEDERAL;PÚBLICA;UNIVERSIDADE;NORTE;RO;PORTO VELHO;ACADĘMICO;10001018048P1;ADMINISTRAÇĂO E CONTABILIDADE;POSTGRADUATE PROGRAM IN ADMINISTRATION AND ACCOUNTING;MESTRADO;A;2024;2024;EM FUNCIONAMENTO;09SEP2024:00:00:00;266488;199667
2024;CIĘNCIAS HUMANAS;FILOSOFIA;FILOSOFIA;NĂO SE APLICA;NĂO SE APLICA;33;FILOSOFIA;10001018;699;UNIR;UNIVERSIDADE FEDERAL DE RONDÔNIA;NĂO;NA;FEDERAL;PÚBLICA;UNIVERSIDADE;NORTE;RO;PORTO VELHO;ACADĘMICO;10001018043P0;FILOSOFIA;PHILOSOPHY;MESTRADO;3;2019;2019;EM FUNCIONAMENTO;17SEP2019:00:00:00;261655;196778
2024;MULTIDISCIPLINAR;ENSINO;ENSINO DE CIĘNCIAS E MATEMÁTICA;ENSINO DE CIĘNCIAS E MATEMÁTICA;NĂO SE APLICA;46;ENSINO;10001018;699;UNIR;UNIVERSIDADE FEDERAL DE RONDÔNIA;NĂO;NA;FEDERAL;PÚBLICA;UNIVERSIDADE;NORTE;RO;ROLIM DE MOURA;ACADĘMICO;10001018040P0;ENSINO DE CIĘNCIAS DA NATUREZA - PPGECN;MASTER OF SCIENCE IN NATURE TEACHING;MESTRADO;3;2017;2017;EM FUNCIONAMENTO;10JAN2018:00:00:00;266446;199595
2024;CIĘNCIAS HUMANAS;EDUCAÇĂO;EDUCAÇĂO;NĂO SE APLICA;NĂO SE APLICA;38;EDUCAÇĂO;10001018;699;UNIR;UNIVERSIDADE FEDERAL DE RONDÔNIA;NĂO;NA;FEDERAL;PÚBLICA;UNIVERSIDADE;NORTE;RO;PORTO VELHO;PROFISSIONAL;10001018016P2;EDUCAÇĂO ESCOLAR;PROFESSIONAL MASTERS OF SCHOOL EDUCATION;MESTRADO PROFISSIONAL/DOUTORADO PROFISSIONAL;4;2014;2014/2019;EM FUNCIONAMENTO;10APR2013:00:00:00;265897;199248
2024;CIĘNCIAS HUMANAS;GEOGRAFIA;GEOGRAFIA;NĂO SE APLICA;NĂO SE APLICA;36;GEOGRAFIA;10001018;699;UNIR;UNIVERSIDADE FEDERAL DE RONDÔNIA;NĂO;NA;FEDERAL;PÚBLICA;UNIVERSIDADE;NORTE;RO;PORTO VELHO;ACADĘMICO;10001018005P0;GEOGRAFIA;MASTERS IN GEOGRAPHY, FEDERAL UNIVERSITY OF RONDÔNIA;MESTRADO/DOUTORADO;4;2006;2006/2015;EM FUNCIONAMENTO;19JUN2013:00:00:00;258173;194118
2024;MULTIDISCIPLINAR;CIĘNCIAS AMBIENTAIS;CIĘNCIAS AMBIENTAIS;NĂO SE APLICA;NĂO SE APLICA;49;CIĘNCIAS AMBIENTAIS;10001018;699;UNIR;UNIVERSIDADE FEDERAL DE RONDÔNIA;NĂO;NA;FEDERAL;PÚBLICA;UNIVERSIDADE;NORTE;RO;ROLIM DE MOURA;ACADĘMICO;10001018017P9;CIĘNCIAS AMBIENTAIS;ENVIRONMENTAL SCIENCES;MESTRADO;3;2013;2013;EM FUNCIONAMENTO;29NOV2013:00:00:00;264365;198261
2024;CIĘNCIAS HUMANAS;EDUCAÇĂO;EDUCAÇĂO;NĂO SE APLICA;NĂO SE APLICA;38;EDUCAÇĂO;10001018;699;UNIR;UNIVERSIDADE FEDERAL DE RONDÔNIA;NĂO;NA;FEDERAL;PÚBLICA;UNIVERSIDADE;NORTE;RO;PORTO VELHO;ACADĘMICO;10001018011P0;EDUCAÇĂO;ACADEMIC MASTER'S DEGREE IN EDUCATION;MESTRADO;4;2010;2010;EM FUNCIONAMENTO;20MAR2012:00:00:00;264661;198553
2024;MULTIDISCIPLINAR;INTERDISCIPLINAR;SOCIAIS, CULTURAS E HUMANIDADES;SOCIAIS, CULTURAS E HUMANIDADES;NĂO SE APLICA;45;INTERDISCIPLINAR;10001018;699;UNIR;UNIVERSIDADE FEDERAL DE RONDÔNIA;NĂO;NA;FEDERAL;PÚBLICA;UNIVERSIDADE;NORTE;RO;PORTO VELHO;PROFISSIONAL;10001018039P2;DIREITOS HUMANOS E DESENVOLVIMENTO DA JUSTIÇA;PROFESSIONAL INTERDISCIPLINARY MASTER ON HUMAN RIGHTS AND DEVELOPMENT OF JUSTICE;MESTRADO PROFISSIONAL;4;2017;2017;EM FUNCIONAMENTO;02MAY2017:00:00:00;266468;199647
2024;CIĘNCIAS HUMANAS;PSICOLOGIA;PSICOLOGIA;NĂO SE APLICA;NĂO SE APLICA;37;PSICOLOGIA;10001018;699;UNIR;UNIVERSIDADE FEDERAL DE RONDÔNIA;NĂO;NA;FEDERAL;PÚBLICA;UNIVERSIDADE;NORTE;RO;PORTO VELHO;ACADĘMICO;10001018009P6;PSICOLOGIA;GRADUATE PROGRAM PSYCOLOGY;MESTRADO;4;2009;2009;EM FUNCIONAMENTO;29MAY2013:00:00:00;264554;198446
2024;MULTIDISCIPLINAR;INTERDISCIPLINAR;POLÍTICAS E DESENVOLVIMENTO DE TERRITÓRIOS;POLÍTICAS E DESENVOLVIMENTO DE TERRITÓRIOS;NĂO SE APLICA;45;INTERDISCIPLINAR;10001018;699;UNIR;UNIVERSIDADE FEDERAL DE RONDÔNIA;NĂO;NA;FEDERAL;PÚBLICA;UNIVERSIDADE;NORTE;RO;PORTO VELHO;ACADĘMICO;10001018004P4;DESENVOLVIMENTO REGIONAL E MEIO AMBIENTE;POSGRADUAT PROGRAM IN REGIONAL DEVELOPMENT AND ENVIRONMENT;MESTRADO/DOUTORADO;4;1999;1999/2013;EM FUNCIONAMENTO;13NOV2013:00:00:00;256763;193052
2024;MULTIDISCIPLINAR;INTERDISCIPLINAR;POLÍTICAS E DESENVOLVIMENTO DE TERRITÓRIOS;POLÍTICAS E DESENVOLVIMENTO DE TERRITÓRIOS;NĂO SE APLICA;45;INTERDISCIPLINAR;10001018;699;UNIR;UNIVERSIDADE FEDERAL DE RONDÔNIA;NĂO;NA;FEDERAL;PÚBLICA;UNIVERSIDADE;NORTE;RO;ROLIM DE MOURA;ACADĘMICO;10001018044P6;AGROECOSSISTEMAS AMAZÔNICOS;AMAZONIANS AGROECOSYSTEMS;MESTRADO;3;2020;2020;EM FUNCIONAMENTO;24MAR2020:00:00:00;264437;198332
2024;MULTIDISCIPLINAR;ENSINO;ENSINO DE CIĘNCIAS E MATEMÁTICA;ENSINO DE CIĘNCIAS E MATEMÁTICA;NĂO SE APLICA;46;ENSINO;10001018;699;UNIR;UNIVERSIDADE FEDERAL DE RONDÔNIA;NĂO;NA;FEDERAL;PÚBLICA;UNIVERSIDADE;NORTE;RO;JI-PARANÁ;ACADĘMICO;10001018042P3;EDUCAÇĂO MATEMÁTICA;MATHEMATICAL EDUCATION;MESTRADO;3;2019;2019;EM FUNCIONAMENTO;10SEP2019:00:00:00;264412;198328
2024;CIĘNCIAS SOCIAIS APLICADAS;ADMINISTRAÇĂO;ADMINISTRAÇĂO;NĂO SE APLICA;NĂO SE APLICA;27;ADMINISTRAÇĂO PÚBLICA E DE EMPRESAS, CIĘNCIAS CONTÁBEIS E TURISMO;10001018;699;UNIR;UNIVERSIDADE FEDERAL DE RONDÔNIA;NĂO;NA;FEDERAL;PÚBLICA;UNIVERSIDADE;NORTE;RO;PORTO VELHO;ACADĘMICO;10001018006P7;ADMINISTRAÇĂO;MASTER IN ADMINISTRATION;MESTRADO;3;2006;2006;EM FUNCIONAMENTO;30DEC2013:00:00:00;266162;199438
2024;LINGÜÍSTICA, LETRAS E ARTES;LETRAS;LITERATURA COMPARADA;LITERATURA COMPARADA;NĂO SE APLICA;41;LINGUÍSTICA E LITERATURA;10001018;699;UNIR;UNIVERSIDADE FEDERAL DE RONDÔNIA;NĂO;NA;FEDERAL;PÚBLICA;UNIVERSIDADE;NORTE;RO;PORTO VELHO;ACADĘMICO;10001018012P7;ESTUDOS LITERÁRIOS;LITERARY STUDIES;MESTRADO;4;2011;2011;EM FUNCIONAMENTO;25FEB2014:00:00:00;258189;194132
2024;CIĘNCIAS HUMANAS;HISTÓRIA;HISTÓRIA REGIONAL DO BRASIL;HISTÓRIA DO BRASIL;HISTÓRIA REGIONAL DO BRASIL;40;HISTÓRIA;10001018;699;UNIR;UNIVERSIDADE FEDERAL DE RONDÔNIA;NĂO;NA;FEDERAL;PÚBLICA;UNIVERSIDADE;NORTE;RO;PORTO VELHO;ACADĘMICO;10001018045P2;HISTÓRIA DA AMAZÔNIA;MASTER'S DEGREE IN AMAZONIAN HISTORY;MESTRADO;A;2021;2021;EM FUNCIONAMENTO;25AUG2021:00:00:00;262015;197109
2024;CIĘNCIAS SOCIAIS APLICADAS;COMUNICAÇĂO;COMUNICAÇĂO;NĂO SE APLICA;NĂO SE APLICA;31;COMUNICAÇĂO E INFORMAÇĂO;10001018;699;UNIR;UNIVERSIDADE FEDERAL DE RONDÔNIA;NĂO;NA;FEDERAL;PÚBLICA;UNIVERSIDADE;NORTE;RO;PORTO VELHO;ACADĘMICO;10001018046P9;COMUNICAÇĂO;COMMUNICATIONS;MESTRADO;A;2024;2024;EM FUNCIONAMENTO;05AUG2024:00:00:00;265277;198899
2024;CIĘNCIAS DA SAÚDE;MEDICINA;ANATOMIA PATOLÓGICA E PATOLOGIA CLÍNICA;ANATOMIA PATOLÓGICA E PATOLOGIA CLÍNICA;NĂO SE APLICA;16;MEDICINA II;11001011;549;UFAC;UNIVERSIDADE FEDERAL DO ACRE;NĂO;NA;FEDERAL;PÚBLICA;UNIVERSIDADE;NORTE;AC;RIO BRANCO;ACADĘMICO;11001011070P0;CIĘNCIAS DA SAÚDE NA AMAZÔNIA OCIDENTAL;HEALTH SCIENCES IN THE WESTERN AMAZON;MESTRADO;3;2016;2016;EM FUNCIONAMENTO;05AUG2015:00:00:00;265289;198909
2024;CIĘNCIAS HUMANAS;EDUCAÇĂO;EDUCAÇĂO;NĂO SE APLICA;NĂO SE APLICA;38;EDUCAÇĂO;11001011;549;UFAC;UNIVERSIDADE FEDERAL DO ACRE;NĂO;NA;FEDERAL;PÚBLICA;UNIVERSIDADE;NORTE;AC;RIO BRANCO;ACADĘMICO;11001011009P9;EDUCAÇĂO;EDUCACION;MESTRADO;4;2014;2014;EM FUNCIONAMENTO;21JUL2014:00:00:00;260877;196283
2024;CIĘNCIAS AGRÁRIAS;MEDICINA VETERINÁRIA;MEDICINA VETERINÁRIA;NĂO SE APLICA;NĂO SE APLICA;24;MEDICINA VETERINÁRIA;11001011;549;UFAC;UNIVERSIDADE FEDERAL DO ACRE;SIM;"UNIR;EMBRAPA ACRE";FEDERAL;PÚBLICA;UNIVERSIDADE;NORTE;AC;RIO BRANCO;ACADĘMICO;11001011008P2;SANIDADE E PRODUÇĂO ANIMAL SUSTENTÁVEL NA AMAZÔNIA OCIDENTAL;HEALTH AND SUSTAINABLE ANIMAL PRODUCTION IN THE WESTERN AMAZON;MESTRADO/DOUTORADO;4;2014;2014/2017;EM FUNCIONAMENTO;01NOV2013:00:00:00;258712;194632
2024;LINGÜÍSTICA, LETRAS E ARTES;ARTES;ARTES;NĂO SE APLICA;NĂO SE APLICA;11;ARTES;11001011;549;UFAC;UNIVERSIDADE FEDERAL DO ACRE;NĂO;NA;FEDERAL;PÚBLICA;UNIVERSIDADE;NORTE;AC;RIO BRANCO;ACADĘMICO;11001011075P1;ARTES CĘNICAS;GRADUATE PROGRAM IN SCENIC ARTS;MESTRADO;3;2019;2019;EM FUNCIONAMENTO;03APR2019:00:00:00;265141;198824
2024;CIĘNCIAS HUMANAS;GEOGRAFIA;GEOGRAFIA;NĂO SE APLICA;NĂO SE APLICA;36;GEOGRAFIA;11001011;549;UFAC;UNIVERSIDADE FEDERAL DO ACRE;NĂO;NA;FEDERAL;PÚBLICA;UNIVERSIDADE;NORTE;AC;RIO BRANCO;ACADĘMICO;11001011076P8;GEOGRAFIA;POSTGRADUATE PROGRAM - MASTER IN GEOGRAPHY;MESTRADO;3;2019;2019;EM FUNCIONAMENTO;06AUG2019:00:00:00;259310;195127
2024;MULTIDISCIPLINAR;ENSINO;ENSINO DE CIĘNCIAS E MATEMÁTICA;ENSINO DE CIĘNCIAS E MATEMÁTICA;NĂO SE APLICA;46;ENSINO;11001011;549;UFAC;UNIVERSIDADE FEDERAL DO ACRE;NĂO;NA;FEDERAL;PÚBLICA;UNIVERSIDADE;NORTE;AC;RIO BRANCO;PROFISSIONAL;11001011007P6;ENSINO DE CIĘNCIAS E MATEMÁTICA;PROFESSIONAL MASTER IN TEACHING SCIENCE AND MATHEMATICS;MESTRADO PROFISSIONAL;4;2014;2014;EM FUNCIONAMENTO;12DEC2013:00:00:00;257342;193611
2024;CIĘNCIAS AGRÁRIAS;RECURSOS FLORESTAIS E ENGENHARIA FLORESTAL;RECURSOS FLORESTAIS E ENGENHARIA FLORESTAL;NĂO SE APLICA;NĂO SE APLICA;42;CIĘNCIAS AGRÁRIAS I;11001011;549;UFAC;UNIVERSIDADE FEDERAL DO ACRE;NĂO;NA;FEDERAL;PÚBLICA;UNIVERSIDADE;NORTE;AC;RIO BRANCO;ACADĘMICO;11001011071P6;CIĘNCIA FLORESTAL;MASTER IN FOREST SCIENCE;MESTRADO;3;2016;2016;EM FUNCIONAMENTO;10FEB2016:00:00:00;265053;198756
2024;CIĘNCIAS BIOLÓGICAS;ECOLOGIA;ECOLOGIA;NĂO SE APLICA;NĂO SE APLICA;7;BIODIVERSIDADE;11001011;549;UFAC;UNIVERSIDADE FEDERAL DO ACRE;NĂO;NA;FEDERAL;PÚBLICA;UNIVERSIDADE;NORTE;AC;RIO BRANCO;ACADĘMICO;11001011001P8;ECOLOGIA E MANEJO DE RECURSOS NATURAIS;ECOLOGY AND NATURAL RESOUCE MANAGEMENT;MESTRADO;3;1996;1996;EM FUNCIONAMENTO;07JUN2013:00:00:00;263087;197667
2024;MULTIDISCIPLINAR;ENSINO;ENSINO;NĂO SE APLICA;NĂO SE APLICA;46;ENSINO;11001011;549;UFAC;UNIVERSIDADE FEDERAL DO ACRE;NĂO;NA;FEDERAL;PÚBLICA;UNIVERSIDADE;NORTE;AC;CRUZEIRO DO SUL;ACADĘMICO;11001011073P9;ENSINO DE HUMANIDADES E LINGUAGENS;POSTGRADUATE PROGRAM IN HUMANITIES AND LANGUAGENS TEACHING;MESTRADO;3;2018;2018;EM FUNCIONAMENTO;09JAN2019:00:00:00;266260;199484
2024;CIĘNCIAS DA SAÚDE;SAÚDE COLETIVA;SAÚDE COLETIVA;NĂO SE APLICA;NĂO SE APLICA;22;SAÚDE COLETIVA;11001011;549;UFAC;UNIVERSIDADE FEDERAL DO ACRE;NĂO;NA;FEDERAL;PÚBLICA;UNIVERSIDADE;NORTE;AC;RIO BRANCO;ACADĘMICO;11001011005P3;SAÚDE COLETIVA;MASTER IN PUBLIC HEALTH;MESTRADO/DOUTORADO;4;2008;2008/2016;EM FUNCIONAMENTO;06MAR2014:00:00:00;260955;196341
2024;MULTIDISCIPLINAR;CIĘNCIAS AMBIENTAIS;CIĘNCIAS AMBIENTAIS;NĂO SE APLICA;NĂO SE APLICA;49;CIĘNCIAS AMBIENTAIS;11001011;549;UFAC;UNIVERSIDADE FEDERAL DO ACRE;NĂO;NA;FEDERAL;PÚBLICA;UNIVERSIDADE;NORTE;AC;CRUZEIRO DO SUL;ACADĘMICO;11001011074P5;CIĘNCIAS AMBIENTAIS;ENVIRONMENTAL SCIENCE;MESTRADO;3;2019;2019;EM FUNCIONAMENTO;14JAN2019:00:00:00;265932;199303
2024;MULTIDISCIPLINAR;INTERDISCIPLINAR;POLÍTICAS E DESENVOLVIMENTO DE TERRITÓRIOS;POLÍTICAS E DESENVOLVIMENTO DE TERRITÓRIOS;NĂO SE APLICA;45;INTERDISCIPLINAR;11001011;549;UFAC;UNIVERSIDADE FEDERAL DO ACRE;NĂO;NA;FEDERAL;PÚBLICA;UNIVERSIDADE;NORTE;AC;RIO BRANCO;ACADĘMICO;11001011006P0;CIĘNCIA, INOVAÇĂO E TECNOLOGIA PARA A AMAZÔNIA;SCIENCE, TECHNOLOGY AND INNOVATION FOR THE AMAZON;MESTRADO;4;2011;2011;EM FUNCIONAMENTO;11JAN2013:00:00:00;259911;195668
2024;CIĘNCIAS AGRÁRIAS;AGRONOMIA;AGRONOMIA;NĂO SE APLICA;NĂO SE APLICA;42;CIĘNCIAS AGRÁRIAS I;11001011;549;UFAC;UNIVERSIDADE FEDERAL DO ACRE;NĂO;NA;FEDERAL;PÚBLICA;UNIVERSIDADE;NORTE;AC;RIO BRANCO;ACADĘMICO;11001011004P7;PRODUÇĂO VEGETAL;PLANT PRODUCTION;MESTRADO/DOUTORADO;4;2006;2006/2014;EM FUNCIONAMENTO;30JAN2013:00:00:00;259573;195354
2024;CIĘNCIAS EXATAS E DA TERRA;CIĘNCIA DA COMPUTAÇĂO;CIĘNCIA DA COMPUTAÇĂO;NĂO SE APLICA;NĂO SE APLICA;2;COMPUTAÇĂO;11001011;549;UFAC;UNIVERSIDADE FEDERAL DO ACRE;NĂO;NA;FEDERAL;PÚBLICA;UNIVERSIDADE;NORTE;AC;RIO BRANCO;ACADĘMICO;11001011072P2;CIĘNCIA DA COMPUTAÇĂO;COMPUTER SCIENCE;MESTRADO;3;2018;2018;EM FUNCIONAMENTO;27DEC2018:00:00:00;259569;195350
2024;LINGÜÍSTICA, LETRAS E ARTES;LETRAS;LETRAS;NĂO SE APLICA;NĂO SE APLICA;41;LINGUÍSTICA E LITERATURA;11001011;549;UFAC;UNIVERSIDADE FEDERAL DO ACRE;NĂO;NA;FEDERAL;PÚBLICA;UNIVERSIDADE;NORTE;AC;RIO BRANCO;ACADĘMICO;11001011003P0;LETRAS- LINGUAGEM E IDENTIDADE;LETTERS - LINGUAGE AND IDENTITY;MESTRADO/DOUTORADO;5;2006;2006/2019;EM FUNCIONAMENTO;30JAN2013:00:00:00;266276;199497
2024;CIĘNCIAS BIOLÓGICAS;PARASITOLOGIA;PARASITOLOGIA;NĂO SE APLICA;NĂO SE APLICA;9;CIĘNCIAS BIOLÓGICAS III;11008008;20342;FIOCRUZ-RO;FIOCRUZ ( RONDÔNIA );SIM;UNIR;FEDERAL;PÚBLICA;ESCOLA DE GOVERNO;NORTE;RO;PORTO VELHO;ACADĘMICO;10001018002P1;BIOLOGIA EXPERIMENTAL;EXPERIMENTAL BIOLOGY;MESTRADO/DOUTORADO;4;2001;2001/2005;EM FUNCIONAMENTO;30DEC2013:00:00:00;263752;198024
2024;CIĘNCIAS SOCIAIS APLICADAS;DIREITO;DIREITO;NĂO SE APLICA;NĂO SE APLICA;26;DIREITO;11015004;4594;FCR;FACULDADE CATÓLICA DE RONDÔNIA;NĂO;NA;PARTICULAR;PRIVADA;FACULDADE;NORTE;RO;PORTO VELHO;PROFISSIONAL;11015004001P0;DIREITO;PROFESSIONAL MASTER'S DEGREE IN LAW;MESTRADO PROFISSIONAL;A;2024;2024;EM FUNCIONAMENTO;11OCT2024:00:00:00;264489;198383
2024;CIĘNCIAS SOCIAIS APLICADAS;COMUNICAÇĂO;COMUNICAÇĂO;NĂO SE APLICA;NĂO SE APLICA;31;COMUNICAÇĂO E INFORMAÇĂO;12001015;4;UFAM;UNIVERSIDADE FEDERAL DO AMAZONAS;NĂO;NA;FEDERAL;PÚBLICA;UNIVERSIDADE;NORTE;AM;MANAUS;ACADĘMICO;12001015176P5;INFORMAÇĂO E COMUNICAÇĂO (PPGIC);INFORMATION AND COMMUNICATION;MESTRADO;A;2024;2024;EM FUNCIONAMENTO;01AUG2024:00:00:00;264723;198595
2024;CIĘNCIAS SOCIAIS APLICADAS;SERVIÇO SOCIAL;SERVIÇO SOCIAL;NĂO SE APLICA;NĂO SE APLICA;32;SERVIÇO SOCIAL;12001015;4;UFAM;UNIVERSIDADE FEDERAL DO AMAZONAS;NĂO;NA;FEDERAL;PÚBLICA;UNIVERSIDADE;NORTE;AM;MANAUS;ACADĘMICO;12001015027P0;SERVIÇO SOCIAL;POST GRADUATE PROGRAM IN SOCIAL WORK AND SUSTAINABILITY IN AMAZONIA;MESTRADO;4;2007;2007;EM FUNCIONAMENTO;24JUL2013:00:00:00;265040;198767
2024;CIĘNCIAS EXATAS E DA TERRA;GEOCIĘNCIAS;GEOCIĘNCIAS;NĂO SE APLICA;NĂO SE APLICA;5;GEOCIĘNCIAS;12001015;4;UFAM;UNIVERSIDADE FEDERAL DO AMAZONAS;NĂO;NA;FEDERAL;PÚBLICA;UNIVERSIDADE;NORTE;AM;MANAUS;ACADĘMICO;12001015008P5;GEOCIĘNCIAS;GEOSCIENCES;MESTRADO;3;2000;2000;EM FUNCIONAMENTO;08MAR2013:00:00:00;264668;198535
2024;MULTIDISCIPLINAR;CIĘNCIAS AMBIENTAIS;CIĘNCIAS AMBIENTAIS;NĂO SE APLICA;NĂO SE APLICA;49;CIĘNCIAS AMBIENTAIS;12001015;4;UFAM;UNIVERSIDADE FEDERAL DO AMAZONAS;NĂO;NA;FEDERAL;PÚBLICA;UNIVERSIDADE;NORTE;AM;HUMAITÁ;ACADĘMICO;12001015064P2;CIĘNCIAS AMBIENTAIS;ENVIRONMENTAL SCIENCES;MESTRADO;3;2015;2015;EM FUNCIONAMENTO;31MAR2015:00:00:00;265673;199087
2024;CIĘNCIAS HUMANAS;PSICOLOGIA;PSICOLOGIA;NĂO SE APLICA;NĂO SE APLICA;37;PSICOLOGIA;12001015;4;UFAM;UNIVERSIDADE FEDERAL DO AMAZONAS;NĂO;NA;FEDERAL;PÚBLICA;UNIVERSIDADE;NORTE;AM;MANAUS;ACADĘMICO;12001015036P9;PSICOLOGIA;PSYCHOLOGY GRADUATION PROGRAM;MESTRADO/DOUTORADO;4;2009;2009/2024;EM FUNCIONAMENTO;21MAR2013:00:00:00;257425;193654
2024;CIĘNCIAS EXATAS E DA TERRA;QUÍMICA;QUÍMICA;NĂO SE APLICA;NĂO SE APLICA;4;QUÍMICA;12001015;4;UFAM;UNIVERSIDADE FEDERAL DO AMAZONAS;NĂO;NA;FEDERAL;PÚBLICA;UNIVERSIDADE;NORTE;AM;MANAUS;ACADĘMICO;12001015002P7;QUÍMICA;POSTGRADUATE PROGRAM IN CHEMISTRY;MESTRADO/DOUTORADO;4;1987;1987/2007;EM FUNCIONAMENTO;13JUN2013:00:00:00;265721;199121
2024;CIĘNCIAS HUMANAS;GEOGRAFIA;GEOGRAFIA;NĂO SE APLICA;NĂO SE APLICA;36;GEOGRAFIA;12001015;4;UFAM;UNIVERSIDADE FEDERAL DO AMAZONAS;NĂO;NA;FEDERAL;PÚBLICA;UNIVERSIDADE;NORTE;AM;MANAUS;ACADĘMICO;12001015026P3;GEOGRAFIA;GRADUATE PROGRAM IN GEOGRAPHY;MESTRADO/DOUTORADO;4;2007;2007/2019;EM FUNCIONAMENTO;20JAN2014:00:00:00;265726;199099
2024;CIĘNCIAS SOCIAIS APLICADAS;DIREITO;DIREITO;NĂO SE APLICA;NĂO SE APLICA;26;DIREITO;12001015;4;UFAM;UNIVERSIDADE FEDERAL DO AMAZONAS;NĂO;NA;FEDERAL;PÚBLICA;UNIVERSIDADE;NORTE;AM;MANAUS;ACADĘMICO;12001015174P2;DIREITO;CONSTITUTIONALISM AND RIGHTS IN THE AMAZON;MESTRADO;3;2019;2019;EM FUNCIONAMENTO;26AUG2019:00:00:00;265716;199116
2024;CIĘNCIAS EXATAS E DA TERRA;CIĘNCIA DA COMPUTAÇĂO;CIĘNCIA DA COMPUTAÇĂO;NĂO SE APLICA;NĂO SE APLICA;2;COMPUTAÇĂO;12001015;4;UFAM;UNIVERSIDADE FEDERAL DO AMAZONAS;NĂO;NA;FEDERAL;PÚBLICA;UNIVERSIDADE;NORTE;AM;MANAUS;ACADĘMICO;12001015012P2;INFORMÁTICA;INFORMATICS;MESTRADO/DOUTORADO;6;2001;2001/2008;EM FUNCIONAMENTO;06JUN2013:00:00:00;265225;198847
2024;CIĘNCIAS DA SAÚDE;ODONTOLOGIA;ODONTOLOGIA;NĂO SE APLICA;NĂO SE APLICA;18;ODONTOLOGIA;12001015;4;UFAM;UNIVERSIDADE FEDERAL DO AMAZONAS;NĂO;NA;FEDERAL;PÚBLICA;UNIVERSIDADE;NORTE;AM;MANAUS;ACADĘMICO;12001015040P6;ODONTOLOGIA;POSTGRADUATE PROGRAM IN DENTISTRY (MASTERS AND DOCTORATE);MESTRADO/DOUTORADO;4;2012;2012/2024;EM FUNCIONAMENTO;06MAR2014:00:00:00;257128;193403
2024;CIĘNCIAS DA SAÚDE;MEDICINA;CIRURGIA;CIRURGIA;NĂO SE APLICA;17;MEDICINA III;12001015;4;UFAM;UNIVERSIDADE FEDERAL DO AMAZONAS;NĂO;NA;FEDERAL;PÚBLICA;UNIVERSIDADE;NORTE;AM;MANAUS;PROFISSIONAL;12001015065P9;CIRURGIA;PROFESSIONAL MASTER'S DEGREE IN SURGERY;MESTRADO PROFISSIONAL;3;2015;2015;EM FUNCIONAMENTO;11SEP2015:00:00:00;265788;199167
2024;CIĘNCIAS DA SAÚDE;ENFERMAGEM;ENFERMAGEM;NĂO SE APLICA;NĂO SE APLICA;20;ENFERMAGEM;12001015;4;UFAM;UNIVERSIDADE FEDERAL DO AMAZONAS;NĂO;NA;FEDERAL;PÚBLICA;UNIVERSIDADE;NORTE;AM;MANAUS;PROFISSIONAL;12001015173P6;ENFERMAGEM NO CONTEXTO AMAZÔNICO;ADVANCED CLINICAL PRACTICE IN AMAZONIAN NURSING;MESTRADO PROFISSIONAL;3;2019;2019;EM FUNCIONAMENTO;11MAR2019:00:00:00;265747;199147
2024;CIĘNCIAS DA SAÚDE;MEDICINA;DOENÇAS INFECCIOSAS E PARASITÁRIAS;CLÍNICA MÉDICA;DOENÇAS INFECCIOSAS E PARASITÁRIAS;16;MEDICINA II;12001015;4;UFAM;UNIVERSIDADE FEDERAL DO AMAZONAS;NĂO;NA;FEDERAL;PÚBLICA;UNIVERSIDADE;NORTE;AM;MANAUS;ACADĘMICO;12001015039P8;CIĘNCIAS DA SAÚDE;HEALTH SCIENCES;MESTRADO;2;2013;2013;EM DESATIVACAO;14NOV2023:00:00:00;265802;199181
2024;MULTIDISCIPLINAR;ENSINO;ENSINO;NĂO SE APLICA;NĂO SE APLICA;46;ENSINO;12001015;4;UFAM;UNIVERSIDADE FEDERAL DO AMAZONAS;NĂO;NA;FEDERAL;PÚBLICA;UNIVERSIDADE;NORTE;AM;HUMAITÁ;ACADĘMICO;12001015171P3;ENSINO DE CIĘNCIAS E HUMANIDADES;SCIENCE AND HUMANITIES TEACHING;MESTRADO;4;2017;2017;EM FUNCIONAMENTO;08DEC2016:00:00:00;266273;199494
2024;MULTIDISCIPLINAR;MATERIAIS;MATERIAIS;NĂO SE APLICA;NĂO SE APLICA;47;MATERIAIS;12001015;4;UFAM;UNIVERSIDADE FEDERAL DO AMAZONAS;NĂO;NA;FEDERAL;PÚBLICA;UNIVERSIDADE;NORTE;AM;MANAUS;ACADĘMICO;12001015035P2;CIĘNCIA E ENGENHARIA DE MATERIAIS;POST-GRADUATE PROGRAM IN MATERIALS SCIENCE AND ENGINEERING;MESTRADO/DOUTORADO;4;2009;2009/2024;EM FUNCIONAMENTO;26FEB2014:00:00:00;265795;199174
2024;CIĘNCIAS HUMANAS;ANTROPOLOGIA;ANTROPOLOGIA;NĂO SE APLICA;NĂO SE APLICA;35;ANTROPOLOGIA / ARQUEOLOGIA;12001015;4;UFAM;UNIVERSIDADE FEDERAL DO AMAZONAS;NĂO;NA;FEDERAL;PÚBLICA;UNIVERSIDADE;NORTE;AM;MANAUS;ACADĘMICO;12001015029P2;ANTROPOLOGIA SOCIAL;SOCIAL ANTHROPOLOGY;MESTRADO/DOUTORADO;4;2008;2008/2010;EM FUNCIONAMENTO;21MAR2013:00:00:00;265644;199027
2024;MULTIDISCIPLINAR;CIĘNCIAS AMBIENTAIS;CIĘNCIAS AMBIENTAIS;NĂO SE APLICA;NĂO SE APLICA;49;CIĘNCIAS AMBIENTAIS;12001015;4;UFAM;UNIVERSIDADE FEDERAL DO AMAZONAS;NĂO;NA;FEDERAL;PÚBLICA;UNIVERSIDADE;NORTE;AM;ITACOATIARA;ACADĘMICO;12001015041P2;CIĘNCIA E TECNOLOGIA PARA RECURSOS AMAZÔNICOS;SCIENCE AND TECHNOLOGY FOR AMAZON RESOURCES;MESTRADO;3;2012;2012;EM FUNCIONAMENTO;27SEP2012:00:00:00;265636;199050
2024;ENGENHARIAS;ENGENHARIA MECÂNICA;ENGENHARIA MECÂNICA;NĂO SE APLICA;NĂO SE APLICA;13;ENGENHARIAS III;12001015;4;UFAM;UNIVERSIDADE FEDERAL DO AMAZONAS;NĂO;NA;FEDERAL;PÚBLICA;UNIVERSIDADE;NORTE;AM;MANAUS;ACADĘMICO;12001015179P4;ENGENHARIA MECÂNICA;GRADUATE PROGRAM IN MECHANICAL ENGINEERING;MESTRADO;A;2024;2024;EM FUNCIONAMENTO;18JUN2024:00:00:00;265634;199048
2024;CIĘNCIAS HUMANAS;SOCIOLOGIA;SOCIOLOGIA;NĂO SE APLICA;NĂO SE APLICA;34;SOCIOLOGIA;12001015;4;UFAM;UNIVERSIDADE FEDERAL DO AMAZONAS;NĂO;NA;FEDERAL;PÚBLICA;UNIVERSIDADE;NORTE;AM;MANAUS;ACADĘMICO;12001015178P8;SOCIOLOGIA;POSTGRADUATE PROGRAM IN SOCIOLOGY;MESTRADO;A;2024;2024;EM FUNCIONAMENTO;19AUG2024:00:00:00;265671;199085
2024;ENGENHARIAS;ENGENHARIA DE PRODUÇĂO;ENGENHARIA DE PRODUÇĂO;NĂO SE APLICA;NĂO SE APLICA;13;ENGENHARIAS III;12001015;4;UFAM;UNIVERSIDADE FEDERAL DO AMAZONAS;NĂO;NA;FEDERAL;PÚBLICA;UNIVERSIDADE;NORTE;AM;MANAUS;PROFISSIONAL;12001015009P1;ENGENHARIA DE PRODUÇĂO;PRODUCTION MANAGEMENT;MESTRADO PROFISSIONAL;3;1999;1999;EM FUNCIONAMENTO;30MAY2012:00:00:00;265231;198853
2024;CIĘNCIAS AGRÁRIAS;RECURSOS FLORESTAIS E ENGENHARIA FLORESTAL;RECURSOS FLORESTAIS E ENGENHARIA FLORESTAL;NĂO SE APLICA;NĂO SE APLICA;42;CIĘNCIAS AGRÁRIAS I;12001015;4;UFAM;UNIVERSIDADE FEDERAL DO AMAZONAS;NĂO;NA;FEDERAL;PÚBLICA;UNIVERSIDADE;NORTE;AM;MANAUS;ACADĘMICO;12001015016P8;CIĘNCIAS FLORESTAIS E AMBIENTAIS;FORESTRY AND ENVIRONMENTAL SCIENCES;MESTRADO/DOUTORADO;4;2003;2003/2024;EM FUNCIONAMENTO;28FEB2014:00:00:00;265771;199183
2024;CIĘNCIAS AGRÁRIAS;AGRONOMIA;AGRONOMIA;NĂO SE APLICA;NĂO SE APLICA;42;CIĘNCIAS AGRÁRIAS I;12001015;4;UFAM;UNIVERSIDADE FEDERAL DO AMAZONAS;NĂO;NA;FEDERAL;PÚBLICA;UNIVERSIDADE;NORTE;AM;MANAUS;ACADĘMICO;12001015003P3;AGRONOMIA TROPICAL;TROPICAL AGRONOMY;MESTRADO/DOUTORADO;4;1995;1995/2007;EM FUNCIONAMENTO;01JUN2010:00:00:00;265097;198760
2024;MULTIDISCIPLINAR;BIOTECNOLOGIA;BIOTECNOLOGIA;NĂO SE APLICA;NĂO SE APLICA;48;BIOTECNOLOGIA;12001015;4;UFAM;UNIVERSIDADE FEDERAL DO AMAZONAS;NĂO;NA;FEDERAL;PÚBLICA;UNIVERSIDADE;NORTE;AM;MANAUS;ACADĘMICO;12001015013P9;BIOTECNOLOGIA;BIOTECHNOLOGY;MESTRADO/DOUTORADO;4;2001;2003/2001;EM FUNCIONAMENTO;03APR2012:00:00:00;265670;199084
2024;MULTIDISCIPLINAR;ENSINO;ENSINO DE CIĘNCIAS E MATEMÁTICA;ENSINO DE CIĘNCIAS E MATEMÁTICA;NĂO SE APLICA;46;ENSINO;12001015;4;UFAM;UNIVERSIDADE FEDERAL DO AMAZONAS;NĂO;NA;FEDERAL;PÚBLICA;UNIVERSIDADE;NORTE;AM;MANAUS;ACADĘMICO;12001015042P9;ENSINO DE CIĘNCIAS E MATEMÁTICA;TEACHING SCIENCE AND MATH;MESTRADO;3;2014;2014;EM FUNCIONAMENTO;18FEB2014:00:00:00;265736;199129
2024;CIĘNCIAS EXATAS E DA TERRA;MATEMÁTICA;MATEMÁTICA;NĂO SE APLICA;NĂO SE APLICA;1;MATEMÁTICA / PROBABILIDADE E ESTATÍSTICA;12001015;4;UFAM;UNIVERSIDADE FEDERAL DO AMAZONAS;NĂO;NA;FEDERAL;PÚBLICA;UNIVERSIDADE;NORTE;AM;MANAUS;ACADĘMICO;12001015015P1;MATEMÁTICA;MASTER PROGRAM IN MATHEMATICS;MESTRADO;4;1998;1998;EM FUNCIONAMENTO;03DEC2013:00:00:00;265779;199191
2024;MULTIDISCIPLINAR;CIĘNCIAS AMBIENTAIS;CIĘNCIAS AMBIENTAIS;NĂO SE APLICA;NĂO SE APLICA;49;CIĘNCIAS AMBIENTAIS;12001015;4;UFAM;UNIVERSIDADE FEDERAL DO AMAZONAS;NĂO;NA;FEDERAL;PÚBLICA;UNIVERSIDADE;NORTE;AM;MANAUS;ACADĘMICO;12001015007P9;CIĘNCIAS DO AMBIENTE E SUSTENTABILIDADE NA AMAZÔNIA;ENVIRONMENTAL SCIENCE AND SUSTAINABILITY IN THE AMAZON;MESTRADO/DOUTORADO;4;2000;2000/2011;EM FUNCIONAMENTO;28APR2013:00:00:00;265778;199190
2024;CIĘNCIAS DA SAÚDE;FARMÁCIA;FARMÁCIA;NĂO SE APLICA;NĂO SE APLICA;19;FARMÁCIA;12001015;4;UFAM;UNIVERSIDADE FEDERAL DO AMAZONAS;NĂO;NA;FEDERAL;PÚBLICA;UNIVERSIDADE;NORTE;AM;MANAUS;ACADĘMICO;12001015033P0;CIĘNCIAS FARMACĘUTICAS;PHARMACEUTICAL SCIENCES;MESTRADO;3;2009;2009;EM FUNCIONAMENTO;21MAR2013:00:00:00;265196;198816
2024;CIĘNCIAS EXATAS E DA TERRA;FÍSICA;FÍSICA;NĂO SE APLICA;NĂO SE APLICA;3;ASTRONOMIA / FÍSICA;12001015;4;UFAM;UNIVERSIDADE FEDERAL DO AMAZONAS;NĂO;NA;FEDERAL;PÚBLICA;UNIVERSIDADE;NORTE;AM;MANAUS;ACADĘMICO;12001015006P2;FÍSICA;GRADUATE PROGRAM IN PHYSICS;MESTRADO/DOUTORADO;4;1999;1999/2016;EM FUNCIONAMENTO;12APR2013:00:00:00;264683;198569
2024;ENGENHARIAS;ENGENHARIA ELÉTRICA;ENGENHARIA ELÉTRICA;NĂO SE APLICA;NĂO SE APLICA;14;ENGENHARIAS IV;12001015;4;UFAM;UNIVERSIDADE FEDERAL DO AMAZONAS;NĂO;NA;FEDERAL;PÚBLICA;UNIVERSIDADE;NORTE;AM;MANAUS;ACADĘMICO;12001015021P1;ENGENHARIA ELÉTRICA;GRADUATE PROGRAM IN ELECTRICAL ENGINEERING;MESTRADO/DOUTORADO;4;2005;2005/2019;EM FUNCIONAMENTO;01JUN2010:00:00:00;264443;198338
2024;MULTIDISCIPLINAR;INTERDISCIPLINAR;SOCIAIS, CULTURAS E HUMANIDADES;SOCIAIS, CULTURAS E HUMANIDADES;NĂO SE APLICA;45;INTERDISCIPLINAR;12001015;4;UFAM;UNIVERSIDADE FEDERAL DO AMAZONAS;NĂO;NA;FEDERAL;PÚBLICA;UNIVERSIDADE;NORTE;AM;MANAUS;ACADĘMICO;12001015014P5;SOCIEDADE E CULTURA NA AMAZÔNIA;SOCIETY AND CULTURE OF AMAZONIA;MESTRADO;4;1998;1998;EM FUNCIONAMENTO;13MAR2013:00:00:00;265694;199074
2024;CIĘNCIAS SOCIAIS APLICADAS;DESENHO INDUSTRIAL;DESENHO INDUSTRIAL;NĂO SE APLICA;NĂO SE APLICA;29;ARQUITETURA, URBANISMO E DESIGN;12001015;4;UFAM;UNIVERSIDADE FEDERAL DO AMAZONAS;NĂO;NA;FEDERAL;PÚBLICA;UNIVERSIDADE;NORTE;AM;MANAUS;PROFISSIONAL;12001015172P0;DESIGN;MASTER IN PROFESSIONAL DESIGN (PPGD).;MESTRADO PROFISSIONAL;4;2017;2017;EM FUNCIONAMENTO;06OCT2017:00:00:00;265501;198984
2024;CIĘNCIAS HUMANAS;EDUCAÇĂO;EDUCAÇĂO;NĂO SE APLICA;NĂO SE APLICA;38;EDUCAÇĂO;12001015;4;UFAM;UNIVERSIDADE FEDERAL DO AMAZONAS;NĂO;NA;FEDERAL;PÚBLICA;UNIVERSIDADE;NORTE;AM;MANAUS;ACADĘMICO;12001015001P0;EDUCAÇĂO;EDUCATION;MESTRADO/DOUTORADO;4;1987;1987/2010;EM FUNCIONAMENTO;25MAR2011:00:00:00;265514;198973
2024;CIĘNCIAS BIOLÓGICAS;ZOOLOGIA;ZOOLOGIA;NĂO SE APLICA;NĂO SE APLICA;7;BIODIVERSIDADE;12001015;4;UFAM;UNIVERSIDADE FEDERAL DO AMAZONAS;SIM;INPA;FEDERAL;PÚBLICA;UNIVERSIDADE;NORTE;AM;MANAUS;ACADĘMICO;12001015063P6;ZOOLOGIA;ZOOLOGY;MESTRADO/DOUTORADO;4;2016;2016/2016;EM FUNCIONAMENTO;16DEC2015:00:00:00;265496;198959
2024;CIĘNCIAS AGRÁRIAS;RECURSOS PESQUEIROS E ENGENHARIA DE PESCA;RECURSOS PESQUEIROS E ENGENHARIA DE PESCA;NĂO SE APLICA;NĂO SE APLICA;23;ZOOTECNIA / RECURSOS PESQUEIROS;12001015;4;UFAM;UNIVERSIDADE FEDERAL DO AMAZONAS;NĂO;NA;FEDERAL;PÚBLICA;UNIVERSIDADE;NORTE;AM;MANAUS;ACADĘMICO;12001015025P7;CIĘNCIA ANIMAL E RECURSOS PESQUEIROS;ANIMAL SCIENCE AND FISHERIES RESOURCES;MESTRADO/DOUTORADO;4;2007;2007/2007;EM FUNCIONAMENTO;07AUG2010:00:00:00;265286;198906
2024;CIĘNCIAS HUMANAS;HISTÓRIA;HISTÓRIA;NĂO SE APLICA;NĂO SE APLICA;40;HISTÓRIA;12001015;4;UFAM;UNIVERSIDADE FEDERAL DO AMAZONAS;NĂO;NA;FEDERAL;PÚBLICA;UNIVERSIDADE;NORTE;AM;MANAUS;ACADĘMICO;12001015023P4;HISTÓRIA;HISTORY;MESTRADO/DOUTORADO;4;2006;2006/2019;EM FUNCIONAMENTO;16FEB2014:00:00:00;265143;198826
2024;CIĘNCIAS SOCIAIS APLICADAS;ECONOMIA;ECONOMIA;NĂO SE APLICA;NĂO SE APLICA;28;ECONOMIA;12001015;4;UFAM;UNIVERSIDADE FEDERAL DO AMAZONAS;NĂO;NA;FEDERAL;PÚBLICA;UNIVERSIDADE;NORTE;AM;MANAUS;PROFISSIONAL;12001015177P1;ECONOMIA;POSTGRADUATE PROGRAM IN ECONOMICS;MESTRADO PROFISSIONAL;A;2024;2024;EM FUNCIONAMENTO;19AUG2024:00:00:00;265504;198963
2024;CIĘNCIAS DA SAÚDE;EDUCAÇĂO FÍSICA;EDUCAÇĂO FÍSICA;NĂO SE APLICA;NĂO SE APLICA;21;EDUCAÇĂO FÍSICA, FISIOTERAPIA, FONOAUDIOLOGIA E TERAPIA OCUPACIONAL;12001015;4;UFAM;UNIVERSIDADE FEDERAL DO AMAZONAS;NĂO;NA;FEDERAL;PÚBLICA;UNIVERSIDADE;NORTE;AM;MANAUS;ACADĘMICO;12001015175P9;CIĘNCIAS DO MOVIMENTO HUMANO;HUMAN MOVEMENT SCIENCES;MESTRADO;A;2021;2021;EM FUNCIONAMENTO;31MAR2021:00:00:00;265507;198966
2024;LINGÜÍSTICA, LETRAS E ARTES;LETRAS;LETRAS;NĂO SE APLICA;NĂO SE APLICA;41;LINGUÍSTICA E LITERATURA;12001015;4;UFAM;UNIVERSIDADE FEDERAL DO AMAZONAS;NĂO;NA;FEDERAL;PÚBLICA;UNIVERSIDADE;NORTE;AM;MANAUS;ACADĘMICO;12001015037P5;LETRAS;PPGL;MESTRADO;3;2010;2010;EM FUNCIONAMENTO;17MAR2010:00:00:00;265708;199108
2024;CIĘNCIAS BIOLÓGICAS;IMUNOLOGIA;IMUNOLOGIA;NĂO SE APLICA;NĂO SE APLICA;9;CIĘNCIAS BIOLÓGICAS III;12001015;4;UFAM;UNIVERSIDADE FEDERAL DO AMAZONAS;NĂO;NA;FEDERAL;PÚBLICA;UNIVERSIDADE;NORTE;AM;MANAUS;ACADĘMICO;12001015034P6;IMUNOLOGIA BÁSICA E APLICADA;GRADUATE PROGRAM ON BASIC AND APPLIED IMMUNOLOGY;MESTRADO/DOUTORADO;4;2009;2009/2014;EM FUNCIONAMENTO;19MAR2014:00:00:00;265313;198932
2024;CIĘNCIAS BIOLÓGICAS;BOTÂNICA;BOTÂNICA;NĂO SE APLICA;NĂO SE APLICA;7;BIODIVERSIDADE;12002011;NI;INPA;INSTITUTO NACIONAL DE PESQUISAS DA AMAZÔNIA;NĂO;NA;FEDERAL;PÚBLICA;OUTRA;NORTE;AM;MANAUS;ACADĘMICO;12002011002P3;CIĘNCIAS BIOLÓGICAS (BOTÂNICA);GRADUATE PROGRAM IN BOTANY;MESTRADO/DOUTORADO;4;1973;1973/1976;EM FUNCIONAMENTO;01JUN2010:00:00:00;259608;195373
2024;CIĘNCIAS BIOLÓGICAS;ZOOLOGIA;ZOOLOGIA;NĂO SE APLICA;NĂO SE APLICA;7;BIODIVERSIDADE;12002011;NI;INPA;INSTITUTO NACIONAL DE PESQUISAS DA AMAZÔNIA;NĂO;NA;FEDERAL;PÚBLICA;OUTRA;NORTE;AM;MANAUS;ACADĘMICO;12002011004P6;CIĘNCIAS BIOLÓGICAS (ENTOMOLOGIA);POSGRADUATE PROGRAMA IN ENTOMOLOGY;MESTRADO/DOUTORADO;5;1976;1976/1976;EM FUNCIONAMENTO;29OCT2012:00:00:00;265275;198897
2024;CIĘNCIAS BIOLÓGICAS;GENÉTICA;GENÉTICA;NĂO SE APLICA;NĂO SE APLICA;6;CIĘNCIAS BIOLÓGICAS I;12002011;NI;INPA;INSTITUTO NACIONAL DE PESQUISAS DA AMAZÔNIA;NĂO;NA;FEDERAL;PÚBLICA;OUTRA;NORTE;AM;MANAUS;ACADĘMICO;12002011009P8;GENÉTICA, CONSERVAÇĂO E BIOLOGIA EVOLUTIVA;GENETICS, CONSERVATION AND EVOLUTIONARY BIOLOGY;MESTRADO/DOUTORADO;5;2003;2003/2003;EM FUNCIONAMENTO;11JAN2013:00:00:00;256907;193181
2024;CIĘNCIAS BIOLÓGICAS;ECOLOGIA;ECOLOGIA;NĂO SE APLICA;NĂO SE APLICA;7;BIODIVERSIDADE;12002011;NI;INPA;INSTITUTO NACIONAL DE PESQUISAS DA AMAZÔNIA;NĂO;NA;FEDERAL;PÚBLICA;OUTRA;NORTE;AM;MANAUS;ACADĘMICO;12002011003P0;BIOLOGIA (ECOLOGIA);GRADUATE PROGRAM IN ECOLOGY;MESTRADO/DOUTORADO;7;1976;1976/1976;EM FUNCIONAMENTO;29OCT2012:00:00:00;266526;199703
2024;CIĘNCIAS EXATAS E DA TERRA;GEOCIĘNCIAS;GEOCIĘNCIAS;NĂO SE APLICA;NĂO SE APLICA;5;GEOCIĘNCIAS;12002011;NI;INPA;INSTITUTO NACIONAL DE PESQUISAS DA AMAZÔNIA;SIM;UEA;FEDERAL;PÚBLICA;OUTRA;NORTE;AM;MANAUS;ACADĘMICO;12002011011P2;CLIMA E AMBIENTE - INPA - UEA;POST-GRADUATE PROGRAM IN CLIMATE AND ENVIRONMENT - INPA -UEA;MESTRADO/DOUTORADO;4;2007;2007/2007;EM FUNCIONAMENTO;18MAR2011:00:00:00;257608;193825
2024;CIĘNCIAS BIOLÓGICAS;ECOLOGIA;ECOLOGIA;NĂO SE APLICA;NĂO SE APLICA;7;BIODIVERSIDADE;12002011;NI;INPA;INSTITUTO NACIONAL DE PESQUISAS DA AMAZÔNIA;NĂO;NA;FEDERAL;PÚBLICA;OUTRA;NORTE;AM;MANAUS;ACADĘMICO;12002011001P7;CIĘNCIAS BIOLÓGICAS;FRESHWATER BIOLOGY AND INLAND FISHERIES;MESTRADO/DOUTORADO;5;1976;1976/1984;EM FUNCIONAMENTO;29OCT2012:00:00:00;258404;194328
2024;CIĘNCIAS AGRÁRIAS;AGRONOMIA;AGRONOMIA;NĂO SE APLICA;NĂO SE APLICA;42;CIĘNCIAS AGRÁRIAS I;12002011;NI;INPA;INSTITUTO NACIONAL DE PESQUISAS DA AMAZÔNIA;NĂO;NA;FEDERAL;PÚBLICA;OUTRA;NORTE;AM;MANAUS;ACADĘMICO;12002011010P6;AGRICULTURA NO TRÓPICO ÚMIDO;AGRICULTURE IN HUMID TROPICS;MESTRADO/DOUTORADO;4;2002;2002/2024;EM FUNCIONAMENTO;07AUG2010:00:00:00;259570;195351
2024;CIĘNCIAS AGRÁRIAS;RECURSOS FLORESTAIS E ENGENHARIA FLORESTAL;CONSERVAÇĂO DA NATUREZA;CONSERVAÇĂO DA NATUREZA;NĂO SE APLICA;42;CIĘNCIAS AGRÁRIAS I;12002011;NI;INPA;INSTITUTO NACIONAL DE PESQUISAS DA AMAZÔNIA;NĂO;NA;FEDERAL;PÚBLICA;OUTRA;NORTE;AM;MANAUS;PROFISSIONAL;12002011012P9;GESTĂO DE ÁREAS PROTEGIDAS NA AMAZÔNIA;MANAGEMENT OF PROTECTED AREAS OF THE AMAZON;MESTRADO PROFISSIONAL;3;2010;2010;EM FUNCIONAMENTO;30SEP2010:00:00:00;265900;199251
2024;CIĘNCIAS AGRÁRIAS;RECURSOS FLORESTAIS E ENGENHARIA FLORESTAL;MANEJO FLORESTAL;MANEJO FLORESTAL;NĂO SE APLICA;42;CIĘNCIAS AGRÁRIAS I;12002011;NI;INPA;INSTITUTO NACIONAL DE PESQUISAS DA AMAZÔNIA;NĂO;NA;FEDERAL;PÚBLICA;OUTRA;NORTE;AM;MANAUS;ACADĘMICO;12002011006P9;CIĘNCIAS DE FLORESTAS TROPICAIS;TROPICAL FOREST SCIENCE;MESTRADO/DOUTORADO;5;1980;1980/2004;EM FUNCIONAMENTO;07AUG2010:00:00:00;257239;193509
2024;MULTIDISCIPLINAR;ENSINO;ENSINO;NĂO SE APLICA;NĂO SE APLICA;46;ENSINO;12003018;1812;IFAM;INSTITUTO FEDERAL DE EDUCAÇĂO, CIĘNCIA E TECNOLOGIA DO AMAZONAS;NĂO;NA;FEDERAL;PÚBLICA;INSTITUTO FEDERAL DE EDUCAÇĂO, CIĘNCIA E TECNOLOGIA;NORTE;AM;MANAUS;PROFISSIONAL;12003018001P3;ENSINO TECNOLÓGICO;POSTGRADUATE PROGRAM IN TECHNOLOGICAL TEACHING;MESTRADO PROFISSIONAL/DOUTORADO PROFISSIONAL;4;2014;2014/2021;EM FUNCIONAMENTO;23AUG2013:00:00:00;259611;195376
2024;CIĘNCIAS AGRÁRIAS;ZOOTECNIA;ZOOTECNIA;NĂO SE APLICA;NĂO SE APLICA;23;ZOOTECNIA / RECURSOS PESQUEIROS;12006017;669;UNINILTONLINS;UNIVERSIDADE NILTON LINS;SIM;INPA;PARTICULAR;PRIVADA;UNIVERSIDADE;NORTE;AM;MANAUS;ACADĘMICO;12006017003P5;AQUICULTURA;AQUACULTURE;MESTRADO/DOUTORADO;4;2010;2010/2010;EM FUNCIONAMENTO;30JUL2014:00:00:00;264632;198499
2024;CIĘNCIAS HUMANAS;GEOGRAFIA;GEOGRAFIA;NĂO SE APLICA;NĂO SE APLICA;36;GEOGRAFIA;12008010;3172;UEA;UNIVERSIDADE DO ESTADO DO AMAZONAS;NĂO;NA;ESTADUAL;PÚBLICA;UNIVERSIDADE;NORTE;AM;MANAUS;ACADĘMICO;12008010077P5;GEOGRAFIA;POSTGRADUATE PROGRAM IN GEOGRAPHY;MESTRADO;A;2024;2024;EM FUNCIONAMENTO;09SEP2024:00:00:00;266408;199586
2024;CIĘNCIAS DA SAÚDE;SAÚDE COLETIVA;SAÚDE COLETIVA;NĂO SE APLICA;NĂO SE APLICA;22;SAÚDE COLETIVA;12008010;3172;UEA;UNIVERSIDADE DO ESTADO DO AMAZONAS;NĂO;NA;ESTADUAL;PÚBLICA;UNIVERSIDADE;NORTE;AM;MANAUS;ACADĘMICO;12008010074P6;SAÚDE COLETIVA;COLLECTIVE HEALTH;MESTRADO;A;2021;2021;EM FUNCIONAMENTO;24FEB2021:00:00:00;265800;199179
2024;ENGENHARIAS;ENGENHARIA ELÉTRICA;ENGENHARIA ELÉTRICA;NĂO SE APLICA;NĂO SE APLICA;14;ENGENHARIAS IV;12008010;3172;UEA;UNIVERSIDADE DO ESTADO DO AMAZONAS;NĂO;NA;ESTADUAL;PÚBLICA;UNIVERSIDADE;NORTE;AM;MANAUS;PROFISSIONAL;12008010076P9;ENGENHARIA ELÉTRICA;PROFESSIONAL MASTER'S DEGREE IN ELECTRICAL ENGINEERING;MESTRADO PROFISSIONAL;A;2024;2024;EM FUNCIONAMENTO;18JUN2024:00:00:00;264867;198673
2024;CIĘNCIAS DA SAÚDE;MEDICINA;HEMATOLOGIA;CLÍNICA MÉDICA;HEMATOLOGIA;16;MEDICINA II;12008010;3172;UEA;UNIVERSIDADE DO ESTADO DO AMAZONAS;NĂO;NA;ESTADUAL;PÚBLICA;UNIVERSIDADE;NORTE;AM;MANAUS;ACADĘMICO;12008010008P3;HEMATOLOGIA;POS GRADUATION IN APPLIED HEMATOLOGY SCIENCES;MESTRADO;3;2013;2013;EM FUNCIONAMENTO;16MAY2013:00:00:00;264597;198509
2024;MULTIDISCIPLINAR;INTERDISCIPLINAR;SOCIAIS, CULTURAS E HUMANIDADES;SOCIAIS, CULTURAS E HUMANIDADES;NĂO SE APLICA;45;INTERDISCIPLINAR;12008010;3172;UEA;UNIVERSIDADE DO ESTADO DO AMAZONAS;NĂO;NA;ESTADUAL;PÚBLICA;UNIVERSIDADE;NORTE;AM;MANAUS;ACADĘMICO;12008010070P0;CIĘNCIAS HUMANAS;MASTER IN HUMANITIES AND SOCIAL SCIENCES;MESTRADO;4;2016;2016;EM FUNCIONAMENTO;20JUL2016:00:00:00;265939;199310
2024;CIĘNCIAS SOCIAIS APLICADAS;DIREITO;DIREITO;NĂO SE APLICA;NĂO SE APLICA;26;DIREITO;12008010;3172;UEA;UNIVERSIDADE DO ESTADO DO AMAZONAS;NĂO;NA;ESTADUAL;PÚBLICA;UNIVERSIDADE;NORTE;AM;MANAUS;ACADĘMICO;12008010002P5;DIREITO AMBIENTAL;ENVIRONMENTAL LAW;MESTRADO;4;2003;2003;EM FUNCIONAMENTO;04SEP2012:00:00:00;264400;198315
2024;MULTIDISCIPLINAR;INTERDISCIPLINAR;SOCIAIS, CULTURAS E HUMANIDADES;SOCIAIS, CULTURAS E HUMANIDADES;NĂO SE APLICA;45;INTERDISCIPLINAR;12008010;3172;UEA;UNIVERSIDADE DO ESTADO DO AMAZONAS;NĂO;NA;ESTADUAL;PÚBLICA;UNIVERSIDADE;NORTE;AM;MANAUS;PROFISSIONAL;12008010007P7;SEGURANÇA PÚBLICA, CIDADANIA E DIREITOS HUMANOS;PUBLIC SAFETY, HUMAN RIGHTS AND CITIZENSHIP;MESTRADO PROFISSIONAL;3;2012;2012;EM FUNCIONAMENTO;08FEB2013:00:00:00;266233;199456
2024;CIĘNCIAS HUMANAS;EDUCAÇĂO;EDUCAÇĂO;NĂO SE APLICA;NĂO SE APLICA;38;EDUCAÇĂO;12008010;3172;UEA;UNIVERSIDADE DO ESTADO DO AMAZONAS;NĂO;NA;ESTADUAL;PÚBLICA;UNIVERSIDADE;NORTE;AM;MANAUS;ACADĘMICO;12008010073P0;EDUCAÇĂO;EDUCATION;MESTRADO;3;2020;2020;EM FUNCIONAMENTO;15DEC2020:00:00:00;266361;199541
2024;CIĘNCIAS DA SAÚDE;MEDICINA;MEDICINA;NĂO SE APLICA;NĂO SE APLICA;15;MEDICINA I;12008010;3172;UEA;UNIVERSIDADE DO ESTADO DO AMAZONAS;SIM;FUHAM;ESTADUAL;PÚBLICA;UNIVERSIDADE;NORTE;AM;MANAUS;PROFISSIONAL;12008010071P7;CIĘNCIAS APLICADAS Ŕ DERMATOLOGIA;APPLIED SCIENCES TO DERMATOLOGY;MESTRADO PROFISSIONAL;3;2017;2017;EM FUNCIONAMENTO;24MAR2017:00:00:00;264627;198495
2024;MULTIDISCIPLINAR;BIOTECNOLOGIA;BIOTECNOLOGIA;NĂO SE APLICA;NĂO SE APLICA;48;BIOTECNOLOGIA;12008010;3172;UEA;UNIVERSIDADE DO ESTADO DO AMAZONAS;NĂO;NA;ESTADUAL;PÚBLICA;UNIVERSIDADE;NORTE;AM;MANAUS;ACADĘMICO;12008010003P1;BIOTECNOLOGIA E RECURSOS NATURAIS DA AMAZÔNIA;BIOTECHNOLOGY AND NATURAL RESOURCES OF AMAZON;MESTRADO;3;2003;2003;EM FUNCIONAMENTO;28MAY2012:00:00:00;263706;197979
2024;CIĘNCIAS DA SAÚDE;ENFERMAGEM;ENFERMAGEM DE SAÚDE PÚBLICA;ENFERMAGEM DE SAÚDE PÚBLICA;NĂO SE APLICA;20;ENFERMAGEM;12008010;3172;UEA;UNIVERSIDADE DO ESTADO DO AMAZONAS;NĂO;NA;ESTADUAL;PÚBLICA;UNIVERSIDADE;NORTE;AM;MANAUS;PROFISSIONAL;12008010072P3;ENFERMAGEM EM SAÚDE PÚBLICA;POSTGRADUATE PROGRAM IN PUBLIC HEALTH NURSING;MESTRADO PROFISSIONAL;4;2018;2018;EM FUNCIONAMENTO;14JAN2020:00:00:00;265774;199186
2024;CIĘNCIAS DA SAÚDE;MEDICINA;DOENÇAS INFECCIOSAS E PARASITÁRIAS;CLÍNICA MÉDICA;DOENÇAS INFECCIOSAS E PARASITÁRIAS;16;MEDICINA II;12008010;3172;UEA;UNIVERSIDADE DO ESTADO DO AMAZONAS;NĂO;NA;ESTADUAL;PÚBLICA;UNIVERSIDADE;NORTE;AM;MANAUS;ACADĘMICO;12008010001P9;MEDICINA TROPICAL;TROPICAL MEDICINE;MESTRADO/DOUTORADO;5;2002;2002/2006;EM FUNCIONAMENTO;12DEC2012:00:00:00;264645;198517
2024;LINGÜÍSTICA, LETRAS E ARTES;LETRAS;LETRAS;NĂO SE APLICA;NĂO SE APLICA;41;LINGUÍSTICA E LITERATURA;12008010;3172;UEA;UNIVERSIDADE DO ESTADO DO AMAZONAS;NĂO;NA;ESTADUAL;PÚBLICA;UNIVERSIDADE;NORTE;AM;MANAUS;ACADĘMICO;12008010039P6;LETRAS E ARTES;MASTER IN ARTS AND LETTERS;MESTRADO/DOUTORADO;4;2015;2015/2024;EM FUNCIONAMENTO;22MAY2015:00:00:00;265142;198825
2024;MULTIDISCIPLINAR;ENSINO;ENSINO DE CIĘNCIAS E MATEMÁTICA;ENSINO DE CIĘNCIAS E MATEMÁTICA;NĂO SE APLICA;46;ENSINO;12008010;3172;UEA;UNIVERSIDADE DO ESTADO DO AMAZONAS;NĂO;NA;ESTADUAL;PÚBLICA;UNIVERSIDADE;NORTE;AM;MANAUS;ACADĘMICO;12008010005P4;EDUCAÇĂO EM CIĘNCIAS NA AMAZÔNIA;GRADUATE PROGRAM IN EDUCATION AND TEACHING SCIENCE IN THE AMAZON;MESTRADO;5;2011;2011;EM FUNCIONAMENTO;11JAN2013:00:00:00;263572;197837
2024;CIĘNCIAS SOCIAIS APLICADAS;COMUNICAÇĂO;COMUNICAÇĂO;NĂO SE APLICA;NĂO SE APLICA;31;COMUNICAÇĂO E INFORMAÇĂO;13001019;789;UFRR;UNIVERSIDADE FEDERAL DE RORAIMA;NĂO;NA;FEDERAL;PÚBLICA;UNIVERSIDADE;NORTE;RR;BOA VISTA;ACADĘMICO;13001019040P9;COMUNICAÇĂO;POSTGRADUATE PROGRAM IN COMMUNICATION;MESTRADO;3;2019;2019;EM FUNCIONAMENTO;08MAY2019:00:00:00;265959;199298
2024;MULTIDISCIPLINAR;INTERDISCIPLINAR;SAÚDE E BIOLÓGICAS;SAÚDE E BIOLÓGICAS;NĂO SE APLICA;45;INTERDISCIPLINAR;13001019;789;UFRR;UNIVERSIDADE FEDERAL DE RORAIMA;NĂO;NA;FEDERAL;PÚBLICA;UNIVERSIDADE;NORTE;RR;BOA VISTA;PROFISSIONAL;13001019007P1;CIĘNCIAS DA SAÚDE;HEALTH SCIENCES POSTGRADUATE PROGRAM;MESTRADO PROFISSIONAL;4;2011;2011;EM FUNCIONAMENTO;12SEP2012:00:00:00;264452;198347
2024;CIĘNCIAS HUMANAS;ANTROPOLOGIA;ANTROPOLOGIA;NĂO SE APLICA;NĂO SE APLICA;35;ANTROPOLOGIA / ARQUEOLOGIA;13001019;789;UFRR;UNIVERSIDADE FEDERAL DE RORAIMA;NĂO;NA;FEDERAL;PÚBLICA;UNIVERSIDADE;NORTE;RR;BOA VISTA;ACADĘMICO;13001019039P0;ANTROPOLOGIA SOCIAL;ANTHOPOLOGY;MESTRADO;3;2016;2016;EM FUNCIONAMENTO;02MAR2016:00:00:00;265753;199153
2024;MULTIDISCIPLINAR;CIĘNCIAS AMBIENTAIS;CIĘNCIAS AMBIENTAIS;NĂO SE APLICA;NĂO SE APLICA;49;CIĘNCIAS AMBIENTAIS;13001019;789;UFRR;UNIVERSIDADE FEDERAL DE RORAIMA;NĂO;NA;FEDERAL;PÚBLICA;UNIVERSIDADE;NORTE;RR;BOA VISTA;ACADĘMICO;13001019001P3;RECURSOS NATURAIS;NATURAL RESOURCES;MESTRADO/DOUTORADO;4;2004;2004/2015;EM FUNCIONAMENTO;11SEP2013:00:00:00;264510;198362
2024;MULTIDISCIPLINAR;INTERDISCIPLINAR;SOCIAIS, CULTURAS E HUMANIDADES;SOCIAIS, CULTURAS E HUMANIDADES;NĂO SE APLICA;45;INTERDISCIPLINAR;13001019;789;UFRR;UNIVERSIDADE FEDERAL DE RORAIMA;NĂO;NA;FEDERAL;PÚBLICA;UNIVERSIDADE;NORTE;RR;BOA VISTA;ACADĘMICO;13001019008P8;SOCIEDADE E FRONTEIRAS;SOCIETY AND BORDERS;MESTRADO;3;2012;2012;EM FUNCIONAMENTO;16JAN2013:00:00:00;264456;198351
2024;CIĘNCIAS AGRÁRIAS;AGRONOMIA;AGRONOMIA;NĂO SE APLICA;NĂO SE APLICA;42;CIĘNCIAS AGRÁRIAS I;13001019;789;UFRR;UNIVERSIDADE FEDERAL DE RORAIMA;NĂO;NA;FEDERAL;PÚBLICA;UNIVERSIDADE;NORTE;RR;BOA VISTA;ACADĘMICO;13001019004P2;AGRONOMIA;GRADUATE PROGRAM IN AGRONOMY;MESTRADO/DOUTORADO;4;2007;2007/2014;EM FUNCIONAMENTO;19DEC2013:00:00:00;263160;197751
2024;CIĘNCIAS HUMANAS;GEOGRAFIA;GEOGRAFIA;NĂO SE APLICA;NĂO SE APLICA;36;GEOGRAFIA;13001019;789;UFRR;UNIVERSIDADE FEDERAL DE RORAIMA;NĂO;NA;FEDERAL;PÚBLICA;UNIVERSIDADE;NORTE;RR;BOA VISTA;ACADĘMICO;13001019006P5;GEOGRAFIA;GRADUATE PROGRAM IN GEOGRAPHY;MESTRADO;4;2011;2011;EM FUNCIONAMENTO;23OCT2012:00:00:00;264996;198724
2024;MULTIDISCIPLINAR;INTERDISCIPLINAR;SAÚDE E BIOLÓGICAS;SAÚDE E BIOLÓGICAS;NĂO SE APLICA;45;INTERDISCIPLINAR;13001019;789;UFRR;UNIVERSIDADE FEDERAL DE RORAIMA;NĂO;NA;FEDERAL;PÚBLICA;UNIVERSIDADE;NORTE;RR;BOA VISTA;ACADĘMICO;13001019042P1;SAÚDE E BIODIVERSIDADE;HEALTH AND BIODIVERSITY;MESTRADO;A;2021;2021;EM FUNCIONAMENTO;01MAR2021:00:00:00;265905;199264
2024;LINGÜÍSTICA, LETRAS E ARTES;LETRAS;LETRAS;NĂO SE APLICA;NĂO SE APLICA;41;LINGUÍSTICA E LITERATURA;13001019;789;UFRR;UNIVERSIDADE FEDERAL DE RORAIMA;NĂO;NA;FEDERAL;PÚBLICA;UNIVERSIDADE;NORTE;RR;BOA VISTA;ACADĘMICO;13001019005P9;LETRAS;POST-GRADUATION IN LANGUAGE;MESTRADO;4;2010;2010;EM FUNCIONAMENTO;12SEP2012:00:00:00;265115;198777
2024;CIĘNCIAS HUMANAS;EDUCAÇĂO;EDUCAÇĂO;NĂO SE APLICA;NĂO SE APLICA;38;EDUCAÇĂO;13001019;789;UFRR;UNIVERSIDADE FEDERAL DE RORAIMA;NĂO;NA;FEDERAL;PÚBLICA;UNIVERSIDADE;NORTE;RR;BOA VISTA;ACADĘMICO;13001019041P5;EDUCAÇĂO;GRADUATE PROGRAM IN EDUCATION;MESTRADO;3;2019;2019;EM FUNCIONAMENTO;03SEP2019:00:00:00;265895;199246
2024;CIĘNCIAS HUMANAS;EDUCAÇĂO;EDUCAÇĂO;NĂO SE APLICA;NĂO SE APLICA;38;EDUCAÇĂO;13003011;5077;UERR;UNIVERSIDADE ESTADUAL DE RORAIMA;SIM;IFRR;ESTADUAL;PÚBLICA;UNIVERSIDADE;NORTE;RR;BOA VISTA;ACADĘMICO;13003011003P9;EDUCAÇĂO;EDUCATION;MESTRADO;3;2014;2014;EM FUNCIONAMENTO;08MAY2014:00:00:00;256787;193055
2024;MULTIDISCIPLINAR;INTERDISCIPLINAR;SOCIAIS, CULTURAS E HUMANIDADES;SOCIAIS, CULTURAS E HUMANIDADES;NĂO SE APLICA;45;INTERDISCIPLINAR;13003011;5077;UERR;UNIVERSIDADE ESTADUAL DE RORAIMA;NĂO;NA;ESTADUAL;PÚBLICA;UNIVERSIDADE;NORTE;RR;BOA VISTA;PROFISSIONAL;13003011004P5;SEGURANÇA PÚBLICA, DIREITOS HUMANOS E CIDADANIA;PUBLIC SECURITY, HUMAN RIGHTS AND CITIZENSHIP;MESTRADO PROFISSIONAL;3;2016;2016;EM FUNCIONAMENTO;04JUL2016:00:00:00;259919;195676
2024;MULTIDISCIPLINAR;CIĘNCIAS AMBIENTAIS;CIĘNCIAS AMBIENTAIS;NĂO SE APLICA;NĂO SE APLICA;49;CIĘNCIAS AMBIENTAIS;13003011;5077;UERR;UNIVERSIDADE ESTADUAL DE RORAIMA;SIM;"IFRR;EMBRAPA RORAIMA";ESTADUAL;PÚBLICA;UNIVERSIDADE;NORTE;RR;BOA VISTA;ACADĘMICO;13003011002P2;AGROECOLOGIA, AMBIENTE, SOCIEDADE E AMAZÔNIA (PPGAASA);AGROECOLOGY;MESTRADO;3;2014;2014;EM FUNCIONAMENTO;14MAY2014:00:00:00;257247;193497
2024;MULTIDISCIPLINAR;ENSINO;ENSINO DE CIĘNCIAS E MATEMÁTICA;ENSINO DE CIĘNCIAS E MATEMÁTICA;NĂO SE APLICA;46;ENSINO;13003011;5077;UERR;UNIVERSIDADE ESTADUAL DE RORAIMA;NĂO;NA;ESTADUAL;PÚBLICA;UNIVERSIDADE;NORTE;RR;BOA VISTA;PROFISSIONAL;13003011001P6;ENSINO DE CIĘNCIAS E MATEMÁTICA;SCIENCE EDUCATION AND MATHEMATICS;MESTRADO PROFISSIONAL;5;2012;2012;EM FUNCIONAMENTO;18JUL2012:00:00:00;258746;194666
2024;MULTIDISCIPLINAR;INTERDISCIPLINAR;ENGENHARIA, TECNOLOGIA E GESTĂO;ENGENHARIA, TECNOLOGIA E GESTĂO;NĂO SE APLICA;45;INTERDISCIPLINAR;13007009;NI;ITEGAM;INSTITUTO DE TECNOLOGIA E EDUCAÇĂO GALILEO DA AMAZÔNIA;NĂO;NA;PARTICULAR;PRIVADA;OUTRA;NORTE;AM;MANAUS;PROFISSIONAL;13007009001P6;ENGENHARIA, GESTĂO DE PROCESSOS, SISTEMAS E AMBIENTAL;ENGINEERING, PROCESS MANAGEMENT, SYSTEMS AND ENVIRONMENTAL;MESTRADO PROFISSIONAL;A;2020;2020;EM FUNCIONAMENTO;13APR2020:00:00:00;256844;193112
2024;CIĘNCIAS DA SAÚDE;SAÚDE COLETIVA;SAÚDE COLETIVA;NĂO SE APLICA;NĂO SE APLICA;22;SAÚDE COLETIVA;13009001;20342;FIOCRUZ-CPQLMD;FIOCRUZ ( CENTRO DE PESQUISA LEÔNIDAS E MARIA DEANE );SIM;"UFAM;UEA";FEDERAL;PÚBLICA;ESCOLA DE GOVERNO;NORTE;AM;MANAUS;ACADĘMICO;13009001042P7;SAÚDE PÚBLICA NA AMAZÔNIA;PUBLIC HEALTH IN THE AMAZON;DOUTORADO;4;2020;2020;EM FUNCIONAMENTO;22APR2021:00:00:00;260217;195862
2024;CIĘNCIAS DA SAÚDE;SAÚDE COLETIVA;SAÚDE COLETIVA;NĂO SE APLICA;NĂO SE APLICA;22;SAÚDE COLETIVA;13009001;20342;FIOCRUZ-CPQLMD;FIOCRUZ ( CENTRO DE PESQUISA LEÔNIDAS E MARIA DEANE );NĂO;NA;FEDERAL;PÚBLICA;ESCOLA DE GOVERNO;NORTE;AM;MANAUS;ACADĘMICO;13009001040P4;CONDIÇŐES DE VIDA E SITUAÇŐES DE SAÚDE NA AMAZÔNIA;LIVING CONDITIONS AND HEALTH CONDITIONS IN THE AMAZON;MESTRADO;3;2015;2015;EM FUNCIONAMENTO;11MAY2015:00:00:00;258536;194458
2024;CIĘNCIAS BIOLÓGICAS;PARASITOLOGIA;PARASITOLOGIA;NĂO SE APLICA;NĂO SE APLICA;9;CIĘNCIAS BIOLÓGICAS III;13009001;20342;FIOCRUZ-CPQLMD;FIOCRUZ ( CENTRO DE PESQUISA LEÔNIDAS E MARIA DEANE );NĂO;NA;FEDERAL;PÚBLICA;ESCOLA DE GOVERNO;NORTE;AM;MANAUS;ACADĘMICO;13009001041P0;BIOLOGIA DA INTERAÇĂO PATÓGENO HOSPEDEIRO;HOST-PATHOGENS INTERACTIONS;MESTRADO/DOUTORADO;4;2017;2017/2021;EM FUNCIONAMENTO;05SEP2016:00:00:00;263905;198055
2024;CIĘNCIAS SOCIAIS APLICADAS;DESENHO INDUSTRIAL;DESENHO INDUSTRIAL;NĂO SE APLICA;NĂO SE APLICA;29;ARQUITETURA, URBANISMO E DESIGN;13012002;NI;CESAR-AM;CENTRO DE ESTUDOS E SISTEMAS AVANÇADOS DO RECIFE - AMAZONAS;NĂO;NA;PARTICULAR;PRIVADA;OUTRA;NORTE;AM;MANAUS;PROFISSIONAL;13012002001P6;DESIGN DE ARTEFATOS DIGITAIS;DIGITAL ARTIFACT DESIGN;MESTRADO PROFISSIONAL;3;2016;2016;EM FUNCIONAMENTO;04OCT2016:00:00:00;264615;198486
2024;CIĘNCIAS HUMANAS;CIĘNCIA POLÍTICA;RELAÇŐES INTERNACIONAIS, BILATERAIS E MULTILATERAIS;POLÍTICA INTERNACIONAL;RELAÇŐES INTERNACIONAIS, BILATERAIS E MULTILATERAIS;39;CIĘNCIA POLÍTICA E RELAÇŐES INTERNACIONAIS;14001012;830;UNIFAP;UNIVERSIDADE FEDERAL DO AMAPÁ;NĂO;NA;FEDERAL;PÚBLICA;UNIVERSIDADE;NORTE;AP;MACAPÁ;PROFISSIONAL;14001012156P0;ESTUDOS DE FRONTEIRA;BORDER STUDIES;MESTRADO PROFISSIONAL;4;2017;2017;EM F