,,,,,,,,,,,,,,,,
,,,,,,,,,,,,,,,,
,,,,,,,,,,,,,,,,
N°,Região,Estado,Universidade,Sigla,Controle de Bolsas,Nível,O Doutorado requer mestrado como requisito previo para a admissão?,Nome do Programa - Curso,O Doutorado exige o título de Mestre como pré-requisito para admissão? (SIM/NÃO),Website,Cidade,Campus,Website,Inicio,Duração (em meses),Requisito de idioma
1,Norte,Amazonas,Universidade do Estado do Amazonas                                                ,UEA,,Mestrado,N/A,Programa de Pós-Graduação em Ciências Aplicadas à Hematologia,,https://posgraduacao.uea.edu.br/hematologia/,Manaus,"Escola Superior de Ciências da Saúde - 
ESA/UEA",,03/01/2027,24,Português e Espanhol.
,,,,UEA,,Mestrado,,Programa de Pós-Graduação Interdisciplinar em Ciências Humanas/Mestrado em Ciências Humanas,,https://posgraduacao.uea.edu.br/cienciashumanas/,Manaus,"Escola Superior de Artes e Turismo - 
ESAT/UEA",,03/01/2027,24,Português.
,,,,UEA,,Mestrado,,Programa de Pós-Graduação em Letras e Artes,,https://ppgla.uea.edu.br,Manaus,"Escola Superior de Artes e Turismo - 
ESAT/UEA",,15/02/2027,24,Português
,,,,UEA,,Mestrado,,Programa de Pós-Graduação em Direito Ambiental ,,https://pos.uea.edu.br/direitoambiental,Manaus,"Escola de Direito -
ED",,01/03/2027,24,"Português, Espanhol."
,,,,UEA,,Mestrado,,Gestão e Regulação de Recursos Hídricos /Mestrado,,https://pos.uea.edu.br/profagua/,Manaus,"Escola Normal Superior - 
ENS",,08/01/2027,24,Português/Espanhol
,,,,UEA,,Mestrado,,Programa de Pós-Graduação em Educação em Ciências na Amazônia,,https://posgraduacao.uea.edu.br/ensinodeciencia/,Manaus,Escola Normal Superior,,03/01/2027,24,Espanhol e Inglês
,,,,UEA,,Mestrado,,Programa de Pós-Graduação em Educação (PPGED),,https://posgraduacao.uea.edu.br/ppged/,Manaus,Escola Normal Superior -,,01/03/2027,24,"Português, Espanhol"
,,,,UEA,,Mestrado,,"Programa de Pós-Graduação em Segurança Pública, Cidadania e Direitos Humanos (PPGSP)",,https://posgraduacao.uea.edu.br/segurancapublica/,Manaus,Escola Superior de Ciências  Sociais (ESO/UEA),,03/01/2027,24,"Português, Espanhol e Inglês"
,,,,UEA,,Mestrado,,Programa de Pós-Graduação em Ciências Aplicadas à Dermatologia,,https://posgraduacao.uea.edu.br/dermatologia/,Manaus,Escola Superior de Ciências da Saúde - ESA/UEA,,01/08/2027,24,"Português, Espanhol, Inglês"
,,,,UEA,,Mestrado,,Mestrado Profissional em Processos e Tecnologias Educacionais em Rede Nacional - ProfEducatec,,https://www.uea.edu.br/,"Itacoatiara, Parintins e Tabatinga (podendo ser 01 uma - entre essas cidades)","CESIT, CESP e CESTB",,03/03/2027,24,Português - nível intermediário
,,,,UEA,,Mestrado,,Programa de Pós-Graduação Mestrado em Biotecnologia e Recursos Naturais da Amazônia,,https://posgraduacao.uea.edu.br/biotecnologia/,Manaus,"Escola Superior de Ciências da Saúde - 
ESA/UEA",,03/01/2027,24,"Português, Espanhol."
,,,,UEA,,Mestrado,,Programa de Pós-graduação em Geografia,,https://www.uea.edu.br/,Manaus,Escola Normal Superior,,03/01/2027,24,Inglês - Intermédiario; Espanhol - Intermédiario; Francês - Intermédiario. Português (PT) - Avançado
,,,,UEA,,Mestrado,,Programa de Pós-graduação em Enfermagem em Saúde Pública - ProEnSP -Modalidade Profissional,,https://www.proensp.com.br/,Manaus,"Escola Superior de Ciências da Saúde - 
ESA/UEA",,01/08/2027,24,Portugues/Espanhol
,,,,,,,,,,,,,,,,
2,Norte,Amazonas,"
Universidade Federal do Amazonas                                                ",UFAM,,Mestrado,N/A,PPGSCA. Programa de Pós-Graduação Sociedade e Cultura na Amazonia,,ppgsca.ufam.edu.br,Manaus,Manaus,,10/03/2027,24,Graduação em qualquer área
,,,,UFAM,,Mestrado,,PPGCARP. Programa de Pós-Graduação em Ciência Animal e Recursos Pesqueiros,,ppgcarp.ufam.edu.br,Manaus,Manaus,,09/08/2027,24,"Português, Inglês, Espanhol"
,,,,UFAM,,Mestrado,,"PPPGCTS- Programa de Pós-Graduação em Ciências, Tecnologia e Saúde",,ppgcts.ufam.edu.br,Itacoatiara,Itacoatiara,,15/09/2027,24,"Português, Inglês, Espanhol"
,,,,UFAM,,Mestrado,,PPGF - Programa de Pós-Graduação em Filosofia,,ppgf@ufam.edu.br,Manaus,Manaus,,15/08/2027,24,"Português, Inglês, Espanhol (todos Nível Intermediário)"
,,,,UFAM,,Mestrado,,PPGECH - Programa de Pós-Graduação em Ensino de ciências e Humanidades,,PPGECH,Humaitá,Humaitá,,15/08/2027,24,Portugês (falado e escrito) - preferencialmente;  ou Inlês (falado e escrito);  ou Espanhol (falado e escrito).
,,,,UFAM,,Mestrado,,PPGENF - UEPA / UFAM - Programa de Pós-Graduação em Enfermagem associado UEPA/UFAM,,https://ppgenf.ufam.edu.br/,Manaus,Manaus / EEM,,15/08/2027,24,"Português, Inglês e Espanhol"
,,,,UFAM,,Mestrado,,PPGFIS - Programa de Pós-Graduação em Física,,ppgfis.ufam.edu.br,Manaus,Manaus,,08/03/2027,24,"Português, Inglês e Espanhol"
,,,,UFAM,,Mestrado,,PPGEOG- Programa de Pós-Graduação em Geografia,,https://www.ppgg.ufam.edu.br/,Manaus,Manaus,,08/03/2027,24,"Português, Espanhol"
,,,,UFAM,,Mestrado,,Programa de Pós-Graduação em Educação - PPGE,,www.ppge.ufam.edu.br,Manaus,Manaus,,15/03/2027,24,"Português, Espanhol, Inglês"
,,,,UFAM,,Mestrado,,Programa de Pós-Graduação em Informação e Comunicação,,https://ppgic.ufam.edu.br/,Manaus,Manaus,,08/03/2027,24,"Espanhol, Inglês"
,,,,,,,,,,,,,,,,
3,Norte,Amapá,Universidade Federal do Amapá,UNIFAP,,Mestrado,N/A,Programa de Pós-Graduação em Educação (PPGED),,https://www2.unifap.br/ppged/,Macapá,Marco Zero,,01/01/2027,24,Proficiência em Língua Portuguesa por meio do Certificado de Proficiência em Língua Portuguesa para Estrangeiros (Celpe-Bras) ou por meio de Certificado emitido por Instituição de Ensino Superior reconhecida pelo MEC
,,,,,,,,,,,,,,,,
4,Norte,Pará,Universidade Federal do Pará                                                ,UFPA,,Mestrado,N/A,Educação e Cultura,,https://ppgeduc.propesp.ufpa.br/index.php/br/,Cametá,Cametá,,01/04/2027,24,"O(a) estudante deverá apresentar na candidatura o certificado do Celpe-Bras ou similar, que ateste conhecimentos suficientes de português para o bom entendimento e comunicação na vida acadêmica e social e permanência no curso, tendo em vista que as aulas são ministradas em português"
,,,,UFPA,,Mestrado,,Estudos em Etnodiversidade,,https://ppgetno.propesp.ufpa.br/index.php/br/,Altamira,Altamira,,01/04/2027,24,"O(a) estudante deverá apresentar na candidatura o certificado do Celpe-Bras ou similar, que ateste conhecimentos suficientes de português para o bom entendimento e comunicação na vida acadêmica e social e permanência no curso, tendo em vista que as aulas são ministradas em português"
,,,,UFPA,,Mestrado,,Educação e Ciências e Matemática,,https://www.ppgecm.propesp.ufpa.br/index.php/br/,Belém,Belém,,01/04/2027,24,"O(a) estudante deverá apresentar na candidatura o certificado do Celpe-Bras ou similar, que ateste conhecimentos suficientes de português para o bom entendimento e comunicação na vida acadêmica e social e permanência no curso, tendo em vista que as aulas são ministradas em português"
,,,,UFPA,,Mestrado,,Biologia Ambiental,,https://ppba.propesp.ufpa.br/index.php/br/,Bragança,Bragança,,01/04/2027,24,"O(a) estudante deverá apresentar na candidatura o certificado do Celpe-Bras ou similar, que ateste conhecimentos suficientes de português para o bom entendimento e comunicação na vida acadêmica e social e permanência no curso, tendo em vista que as aulas são ministradas em português"
,,,,UFPA,,Mestrado,,Saúde Animal da Amazônia,,https://ppgsaam.propesp.ufpa.br/index.php/br/,Castanhal,Castanhal,,01/04/2027,24,"O(a) estudante deverá apresentar na candidatura o certificado do Celpe-Bras ou similar, que ateste conhecimentos suficientes de português para o bom entendimento e comunicação na vida acadêmica e social e permanência no curso, tendo em vista que as aulas são ministradas em português"
,,,,UFPA,,Mestrado,,Liguagens e Saberes da Amazônia,,https://www.pplsa.propesp.ufpa.br/index.php/br/,Bragança,Bragança,,01/04/2027,24,"O(a) estudante deverá apresentar na candidatura o certificado do Celpe-Bras ou similar, que ateste conhecimentos suficientes de português para o bom entendimento e comunicação na vida acadêmica e social e permanência no curso, tendo em vista que as aulas são ministradas em português"
,,,,,,,,,,,,,,,,
5,Norte,Pará,Universidade Federal do Sul e Sudeste do Pará,UNIFESSPA,,Mestrado,,PPGPAM - Programa de Pós-Graduação em Planejamento e Desenvolvimento Regional e Urbano na Amazônia,,https://ppgpam.unifesspa.edu.br/,Marabá,Marabá,,01/03/2027,24,"Português, Espanhol, Inglês"
,,,,UNIFESSPA,,Mestrado,,PPHGIST - Programa de Pós-Graduação em História / Mestrado em História,,https://ppghistoria.unifesspa.edu.br,Marabá,Unifesspa,,08/03/2027,24,Português
,,,,UNIFESSPA,,Mestrado,,PPGECM - Programa de P'os-Graduação em Educação em Ciências e Matemática,,ppgecm.unifesspa.edu.br,Marabá,Marabá,,01/03/2027,24,"Português, espanhol, francês, ingles"
,,,,,,,,,,,,,,,,
6,Norte,Roraima,Universidade Federal de Roraima,UFRR,,Mestrado,N/A,Programa de Pós-Graduação em Comunicação,,https://ufrr.br/ppgcom/,Boa Vista / Roraima,Paricarana,,01/03/2027,24,Espanhol
,,,,UFRR,,Mestrado,,Programa de Pós-Graduação em Letras,,https://ufrr.br/ppgl/,Boa Vista,Paricarana,,15/03/2027,24,"Português, Inglês, francês e Espanhol"
,,,,,,,,,,,,,,,,
7,Norte,Tocantins,Universidade Federal do  Tocantis,UFT,,Mestrado,N/A,Mestrado Profissional em Administração Pública - PROFIAP,,www.uft.edu.br/profiap,Palmas,Palmas,,01/03/2027,24,Portugues
,,,,UFT,,Mestrado,,Programa de Pós-Graduação em Desenvolvimento Regional,,www.uft.edu.br/ppgdr,Palmas,Palmas,,08/03/2027,24,Portugues / Inglês / Espanhol
,,,,UFT,,Mestrado,,Programa de Pós-Graduaçao em Letras,,www.uft.edu.br/ppgletras,Porto Nacional,Porto Nacional,,01/03/2027,24,Português/Inglês/Espanhol/Francês
,,,,UFT,,Mestrado,,Programa de Pós-Graduação em Ciência e Tecnologia de Alimentos,,https://www.uft.edu.br/campus/palmas/cursos/pos-graduacao/mestrados-e-doutorados/ppgcta,Palmas,Palmas,,01/03/2027,24,Portugues / Inglês / Espanhol
,,,,UFT,,Mestrado,,Programa de Pós-Graduação em Geografia,,www.uft.edu.br/ppgg,Porto Nacional,Porto Nacional,,01/04/2027,24,Português
,,,,,,,,,,,,,,,,
8,Nordeste,Bahía,"


Universidade Estadual de Santa Cruz                                               ",UESC,,Mestrado,N/A,"Ciência, Inovação e Modelagem em Materiais (PROCIMM)",,https://uesc.br,Ilhéus-BA,Soane Nazaré de Andrade,,01/03/2027,24,"Português, Espanhol"
,,,,UESC,,Mestrado,,Modelagem Computacional em Ciência e Tecnologia,,http://ppgmc.uesc.br,Ilhéus-BA,Soane Nazaré de Andrade,,01/03/2027,24,"Português, Inglês, Espanhol (leitura e interpretação de textos, conversação básica)"
,,,,UESC,,Mestrado,,PPG em Produção Vegetal,,https://ppgpv.uesc.br/pt/,Ilhéus-BA,Soane Nazaré de Andrade,,01/03/2027,24,"Português, Inglês e Espanhol"
,,,,UESC,,Mestrado,,Programa de Pós-graduação em Ciências da Saúde,,https://www.ppgcsuesc.com.br/,Ilhéus-BA,Soane Nazaré de Andrade,,01/03/2027,24,Português - nível intermediário B1; Espanhol - nível avançado B2; Inglês - nível BÁSICO A2
,,,,UESC,,Mestrado,,PPG em Biologia e Biotecnologia de Microrganismos,,https://www.uesc.br/microbiologia/,Ilhéus-BA,Soane Nazaré de Andrade,,01/03/2027,24,Portugês ou Espanhol
,,,,UESC,,Mestrado,,Programa de Pós-Graduação em Educação Física,,https://www2.uesb.br/ppg/ppgef/,Ilhéus-BA,Soane Nazaré de Andrade,,29/03/2027,24,Português e Espanhol
,,,,UESC,,Mestrado,,Programa de Pós-graduação em Enfermagem - Mestrado Profissional,,https://www.uesc.br/ppgenf/,Ilhéus-BA,Soane Nazaré de Andrade,,01/03/2027,24,"O candidato deverá possuir conhecimentos em língua portuguesa, pois as aulas serão ministradas em português"
,,,,UESC,,Mestrado,,Programa de Pós-Graduação em Letras: Linguagens e Representações,,https://www.uesc.br/ppgl/,Ilhéus-BA,Soane Nazaré de Andrade,,01/03/2027,24,Português - Intermediário/Avançado
,,,,UESC,,Mestrado,,Economia Regional e Políticas Públicas,,http://www.uesc.br/cursos/pos_graduacao/mestrado/ppgeconomia/index.php,Ilhéus-BA,Soane Nazaré de Andrade,,01/03/2027,24,Inglês (instrumental) e português
,,,,UESC,,Mestrado,,Desenvolvimento Regional e Meio Ambiente,,www.uesc.br,Ilhéus-BA,Soane Nazaré de Andrade,,01/03/2027,24,Português e Espanhol
,,,,UESC,,Mestrado,,Programa de Pós-Graduação em Ciência Animal,,https://ppgca.uesc.br/,Ilhéus-BA,Soane Nazaré de Andrade,,01/03/2027,24,"O estudante precisará ter proficiência em português, independente da língua nativa."
,,,,UESC,,Mestrado,,Programa de Pós-Graduação em Zoologia,,https://ppgzoo.uesc.br/,Ilhéus-BA,Soane Nazaré de Andrade,,05/03/2027,24,"Português, Espanhol e Inglês"
,,,,UESC,,Mestrado,,PPG - Sistemas Aquáticos Tropicais (Associação UESC/UFSB),,ppgsat.net,Ilhéus-BA,Soane Nazaré de Andrade,,01/03/2027,24,Inglês e Espanhol
,,,,UESC,,Mestrado,,História: Atlântico e Diáspora Africana,,https://www.uesc.br/ppgh/,Ilhéus-BA,Soane Nazaré de Andrade,,01/03/2027,24,Português/Espanhol
,,,,UESC,,Mestrado,,Programa de Pós-Graduação em Educação em Ciências e Matemática (PPGECM),,https://www.uesc.br/ppgecm/,Ilhéus-BA,Soane Nazaré de Andrade,,01/03/2027,24,Português e espanhol - intermediário
,,,,UESC,,Mestrado,,Programa de Pós-graduação em Genética e Biologia Molecular,,https://www.ppggeneticauesc.com/,Ilhéus-BA,Soane Nazaré de Andrade,,01/04/2027,24,"Português, inglês e espanhol"
,,,,UESC,,Mestrado,,Programa de Pós-graduação em Engenharia Civil e Ambiental,,https://www.uesc.br/ppgeca/,Ilhéus-BA,Soane Nazaré de Andrade,,10/03/2027,24,"Português, espanhol"
,,,,,,,,,,,,,,,,
9,Nordeste,Bahía,Universidade Federal do Sul da Bahia                                                ,UFSB,,Mestrado,N/A,Programa de Pós-Graducação em Ensino e Relações Étnico-Raciais,,https://ufsb.edu.br/ppger/,Teixeira de Freitas,Paulo Freire,,01/03/2017,24,Português
,,,,UFSB,,Mestrado,, Programa de Pós-Graduação em Estado e Sociedade.,,https://ufsb.edu.br/cfchs/pos-graduacao/ppges,Porto Seguro,Sosígenes Costa,,01/03/2017,24,Português
,,,,UFSB,,Mestrado,,Programa de Pós- Graduação em Engenharia Civil e Ambiental,,https://www.ufsb.edu.br/cftci/pos-graduacao/mestrado-em-engenharia-civil-e-ambiental,Itabuna ,Jorge Amado,,01/03/2027,24,Português
,,,,,,,,,,,,,,,,
10,Nordeste,Bahía,Universidade Federal do Oeste da Bahia,UFOB,,Mestrado,N/A,Programa de Pós-Graduação em Ciência dos Materiais ,,https://sig.ufob.edu.br/sigaa/public/programa/portal.jsf?lc=pt_BR&id=920,Barreiras (BA),Campus Reitor Edgard Santos,,01/03/2027,24,"Inglês intermediário, Espanhol intermediário"
,,,,UFOB,,Mestrado,,Programa de Pós-Graduação em História,,PPGH-UFOB,Barreiras (BA),Campus Reitor Edgard Santos,,01/03/2027,24," Português intermediário, Inglês intermediário, Espanhol intermediário"
,,,,UFOB,,Mestrado,,"Programa de Pós-Graduação Interdisciplinar em Arte, Comunicação e Territorialidades",,https://ufob.edu.br/ppgact,Santa Maria da Vitória (BA),Centro Multidisciplinar de Santa Maria da Vitória,,01/03/2027,24,"Português intermediário, Espanhol intermediário, Francês intermediário, Inglês intermediário"
,,,,UFOB,,Mestrado,,Programa de Pós-Graduação em Patologia Investigativa,,https://ufob.edu.br/ppgpi,Barreiras (BA),Campus Reitor Edgard Santos,,01/03/2027,24,"Inglês intermediário, Espanhol intermediário,Português intermediário,"
,,,,,,,,,,,,,,,,
11,Nordeste,Bahía,"

Universidade Estadual do Sudoeste da Bahia                                                ",UESB,,Mestrado,N/A,"Programa de Pós-Graduação em Genética, Biodiversidade e Conservação - PPGGBC",,https://www2.uesb.br/ppg/ppggbc2/,Jequié,Jequié,,01/03/2027,24,"Português, Inglês ou Espanhol"
,,,,UESB,,Mestrado,,"Programa de Pós-Graduação em Letras, Cultura, Educação e Linguagens - PPGCEL",,https://www2.uesb.br/ppg/ppgcel/,Vitória da Conquista,Vitória da Conquista,,01/03/2027,24,Portugues: nível intermediário
,,,,UESB,,Mestrado,,Programa de Pós Graduação em Agronomia - PPGA,,https://www2.uesb.br/ppg/ppgagronomia/,Vitória da Conquista-BA,Vitória da Conquista-BA,,05/03/2027,24,Português
,,,,UESB,,Mestrado,,Programa de Pós-Graduação em Educação - PPGED,,https://www2.uesb.br/ppg/ppged/,Vitória da Conquista,Vitória da Conquista,,08/03/2027,24,"Português, inglês ou espanhol"
,,,,UESB,,Mestrado,,Programa de Pós-Graduação em Enfermagem e Saúde - PPGES,,https://www2.uesb.br/ppg/ppges/,Jequié,Jequié,,01/03/2027,24,Proficiência em Língua Portuguesa
,,,,UESB,,Mestrado,,Programa de Pós-Graduação em Linguística - PPGLIN,,https://ppgl.in,Vitória da Conquista,Vitória da Conquista,,01/04/2027,24,Português e espanhol
,,,,UESB,,Mestrado,,Programa de Pós-Graduação em Zootecnia - PPZ,,http://www2.uesb.br/ppg/ppz/,Itapetinga,Itapetinga,,10/03/2027,24,Exige-se a proficiência em uma (01) língua estrangeira para os candidatos ao Mestrado. Serão aceitas proficiências na língua inglesa. No caso de candidatos estrangeiros cuja língua materna ou primeira língua não seja a portuguesa será exigido que a proficiência seja obrigatoriamente em língua portuguesa.
,,,,UESB,,Mestrado,,Programa de Pós-Graduação em Educação Científica e Formação de Professores - PPGECFP,,https://www2.uesb.br/ppg/ppgecfp/,Jequié,Jequié,,16/08/2027,24,Domínio da língua portuguesa ou espanhola
,,,,UESB,,Mestrado,,Programa de Pós-Graduação em Ensino -PPGEN,,http://www2.uesb.br/ppg/ppgen/,Vitória da Conquista,Vitória da Conquista,,03/08/2027,24,Portugues e espanhol
,,,,,,,,,,,,,,,,
12,Nordeste,Bahía,Universidade Federal do Recôncavo da Bahia,UFRB,,Mestrado,N/A,Programa de Pós-graduação em Ciências Agrárias - PPGCAG,,https://ufrb.edu.br/pgcienciasagrarias/,Cruz das Almas,Cruz das Almas,,16/03/2027,24,Português/ Inglês/ Espanhol (nível intermediário)
,,,,UFRB,,Mestrado,,"Educação Científica, Inclusão e Diversidade (PPGECID)",,https://www.ufrb.edu.br/ppgecid/,Feira de Santana,Feira de Santana,,16/03/2027,24,Português
,,,,UFRB,,Mestrado,,Programa de Pós-graduação em Gestão de Políticas Públicas - PPGGPP,,https://www.ufrb.edu.br/mpgestaoppss/,Cruz das Almas,Cruz das Almas,,15/03/2027,24,Língua Portuguesa
,,,,UFRB,,Mestrado,,Programa de Pós-Graduação em Arqueologia e Patrimônio Cultural,,https://www.ufrb.edu.br/ppgap/,Cachoeira/São Félix,Cachoeira/São Félix,,15/03/2027,24,Português/ Inglês/ Espanhol (nível intermediário)
,,,,UFRB,,Mestrado,,Programa de Pós-Graduação em Comunicação,,https://www.ufrb.edu.br/ppgcom/en/,Cachoeira/São Félix,Cachoeira/São Félix,,15/03/2027,24,Português/ Inglês/ Espanhol (nível intermediário)
,,,,UFRB,,Mestrado,,Programa de Pós-Graduação em Engenharia Elétrica e Computação (PPGEEC),,https://www.ufrb.edu.br/ppgeec/,Cruz das Almas,Cruz das Almas,,16/03/2027,24,Português/ Inglês/ Espanhol (nível intermediário)
,,,,UFRB,,Mestrado,,Programa de Pós-Graduação em Artes (PPGARTES),,https://www.ufrb.edu.br/ppgartes/,Santo Amaro,CECULT/Santo Amaro,,15/03/2027,24,Português/ Inglês/ Espanhol (nível intermediário)
,,,,UFRB,,Mestrado,,Programa de Pós-Graduação em Recursos Genéticos Vegetais (PPGRGV),,https://www.ufrb.edu.br/pgrecvegetais/,Cruz das Almas,Cruz das Almas,,15/03/2027,24,Português
,,,,UFRB,,Mestrado,,Programa de Pós-graduação Integrado em Zootecnia - PPIZ,,https://www2.ufrb.edu.br/ppiz/ ,Cruz das Almas,Cruz das Almas,,15/03/2027,24,Português
,,,,UFRB,,Mestrado,,Programa de Pós-graduação Mestrado em Saúde da População Negra e Indígena,,https://ufrb.edu.br/mprofsaudenein/,Santo Antonio de Jesus,Santo Antonio de Jesus,,15/03/2027,24,Português
,,,,UFRB,,Mestrado,,"Programa de Pós Graduação em Política Social e Territórios
POSTERR",,https://www.ufrb.edu.br/ppgpst/ ,Cachoeira/São Félix,Cachoeira/São Félix,,15/03/2027,24,Português
,,,,,,,,,,,,,,,,
13,Nordeste,Bahía,Universidade Estadual de Feira de Santana                                            ,UEFS,,Mestrado,N/A,Programa de Pós Graduação em Direito (PPGD),,https://www.uefs.br/,Feira de Santana,Feira de Santana,,01/06/2007,24,português/espanhol - A2
,,,,UEFS,,Mestrado,,"Programa de Pós-Graduação em Gestão, Organizações e Sociedade (PPGGOS)",,https://www.uefs.br/,Feira de Santana,Feira de Santana,,01/03/2027,24,
,,,,UEFS,,Mestrado,,Programa de Pós-Graduação em Estudos Literários (PROGEL),,https://www.uefs.br/,Feira de Santana,Feira de Santana,,01/03/2027,24,
,,,,UEFS,,Mestrado,,Programa de Pós-Graduação em Saúde Coletiva (PPGSC) ,,www.ppgsc.uefs.br,Feira de Santana,Feira de Santana,,01/04/2027,24,"Espanhol, Português"
,,,,UEFS,,Mestrado,,Programa de Pós-Graduação em Engenharia Civil e Ambiental (PPGECEA),,www.ppgecea.uefs.br,Feira de Santana,Feira de Santana,,01/03/2027,24,Espanhol/Português
,,,,UEFS,,Mestrado,,Programa de Pós-Graduação em Modelagem em Ciências da Terra e do Ambiente (PPGM),,www.ppgm.uefs.br,Feira de Santana,Feira de Santana,,01/03/2027,24,Espanhol/Português
,,,,UEFS,,Mestrado,,Programa de Pós-graduação em Estudos Linguísticos (PPGEL),,https://ppgel.uefs.br/,Feira de Santana,Feira de Santana,,01/03/2027,24,Espanhol/Português
,,,,UEFS,,Mestrado,,Programa de Pós-Graduação em Ecologia e Evolução (PPGEcoEvol),,https://ecoevol.uefs.br/,Feira de Santana,Feira de Santana,,08/03/2027,24,Espanhol
,,,,,,,,,,,,,,,,
14,Nordeste,Bahía,Universidade do Estado da Bahia                                           ,UNEB,,Mestrado,N/A,"Programa de Pós-Graduação em Ensino, Linguagem e Sociedade (PPGELS)",,https://ppgels.uneb.br/,Caetité,DCH VI,,08/03/2027,24,Portugues/Espanhol
,,,,UNEB,,Mestrado,,Programa de Pós-Graduação em Modelagem e Simulação em Biosistemas (PPGMSB),,https://ppgmsb.uneb.br/index.html,Alagoinhas,DCET II,,15/03/2027,24,Português/Inglês
,,,,UNEB,,Mestrado,,Programa de Pós-Graduação em Educação e Formação Docente (PPGEDUF),,https://ppgeduf.uneb.br/,Guanambi,DEDCXII,,05/03/2027,24,Português/Espanhol/Italiano
,,,,UNEB,,Mestrado,,Programa Gestão e Tecnologias Aplicadas à Educação (GESTEC),,Gestec | Mestrado Profissional em Gestão e Tecnologia Aplicadas à Educação,Salvador,DEDC I,,15/03/2027,24,Portugues/Espanhol
,,,,UNEB,,Mestrado,,Programa de Pós-Graduação em Estudo de Linguagens (PPGEL),,www.ppgel.une.br,Salvador,DCH I,,15/032027,24,Portugues/Espanhol/Inglês
,,,,UNEB,,Mestrado,,Programa de Pós-Graduação em Educação e Contemporaneidade (PPGEduC),,www.ppgeduc.uneb.br,Salvador,DEDC I,,15/032027,24,Português/Inglês/Francês/Espanhol/Italiano
,,,,UNEB,,Mestrado,,Programa de Pós-Graduação em Ciências do Cuidar em Saúde (PPGCCS),,www.ppgccs.uneb.br,Senhor do Bonfim,DEDC VII,,08/03/2027,24,Português
,,,,UNEB,,Mestrado,,Programa de Pós-Graduação em Saúde Coletiva (PPGSC),,www.mepisco.uneb.br,Salvador,DCV,,08/03/2027,24,Português
,,,,UNEB,,Mestrado,,Programa de Pós-graduação em Crítica Cultural (Pós-Crítica),,https://www.poscritica.uneb.br/,         Alagoinhas,             DLLARTES,,01/03/2027,24,"Português e Espanhol, françes ou Inglês"
,,,,UNEB,,Mestrado,,"Programa de Pós-Graduação Mestrado em Educação, Cultura e Territórios Semiáridos (PPGESA)",,https://ppgesa.uneb.br/,Juazeiro ,DCH III ,,15/03/2027,24,"Português e Espanhol, Inglês, Italiano"
,,,,UNEB,,Mestrado,,Programa de Pós-Graduação em Intervenção Educativa e Social (PPGIES),,https://www.mpies.uneb.br/,Serrinha/ Bom J. da Lapa,    DEDC XI /DCHT XVII,,15/03/2027,24,Português e Espanhol
,,,,UNEB,,Mestrado,,Programa de Pós-graduação em Estudos Territoriais (PROET),,https://www.proet.uneb.br/,Salvador,DCET I,,15/03/2027,24,Portugues/Espanhol/Inglês
,,,,UNEB,,Mestrado,,Programa de Pós-Graduação em Tecnologias das Linguagens (PPGTEL),,https://ppgtel.uneb.br/,Santo Antônio de Jesus,DCH V,,15/03/2027,24,Português; Espanhol ou Inglês
,,,,UNEB,,Mestrado,,Programa de Pós-Graduação  em Educação de Jovens e Adultos (PPGEJA),,https://portal.uneb.br/tag/ppgeja/,Salvador,DEDC I,,15/03/2027,24,Portugues/Espanhol/Inglês
,,,,UNEB,,Mestrado,,"Programa de Pós-Graduação em Estudos Africanos, Povos Indígenas e Culturas Negras (PPGAFIN)",,https://ppgeafin.uneb.br/,Irecê,DCHT XVI,,15/03/2027,24,Portugues/Espanhol
,,,,UNEB,,Mestrado,,Programa de Pós-Graduação em Ecologia Humana e Gestão Socioambiental (PPGECOH) ,,www.ppgecoh.uneb.br  ,Juazeiro ,DTCS III,,15/03/2025,24,Português e Espanhol
,,,,UNEB,,Mestrado,,Programa de Pós-Graduação em Educação e Diversidade (PPGED),,https://www.mped.uneb.br/,Jacobina/ Coite, DCH IV/ XIV,,15/03/2027,24,Portugues e espanhol
,,,,UNEB,,Mestrado,,Programa de Pós-Graduação em Química Aplicada (PGQA),,www.pgqa.uneb.br,SALVADOR,DCET 1,,01/03/2027,24,Portugues e espanhol
,,,,UNEB,,Mestrado,,Programa de Pós-Graduação em Educação Física (PPGEDF),,www.ppgedf.uneb.br,Jacobina ,DCH IV,,23/03/2027,24,Português e inglês
,,,,,,,,,,,,,,,,
15,Nordeste, Ceará      ,"
Universidade Estadual do Ceará                                               ",UECE,,Mestrado,N/A,Programa de Pós-Graduação em Cuidados Clinicos em Enfermagem e Saúde - PPCCLIS,,https://www.uece.br/ppcclis/,Fortaleza,Itaperi,,01/02/2027,24,PORT/ESPANHOL/INGLÊS
,,,,UECE,,Mestrado,,Programa de Pós-Graduação em  Ciências Veterinárias,,www.uece.br/ppgcv,Fortaleza,Itaperi,,01/03/2027,24,FRANCES/ INGLES/ESPANHOL/PORTUGUES
,,,,UECE,,Mestrado,,PPGCN - Programa de Pós-Graduação em Ciências Naturais,,https://www.uece.br/ppgcn/,Fortaleza,Itaperi,,02/03/2027,24,"Inglês B2, Português B2"
,,,,UECE,,Mestrado,,Programa de Pós-Graduação em Linguística Aplicada/Mestrado,,www.uece.br/posla,Fortaleza,Centro de Humanidades/Fátima,,01/02/2027,24,Português e Espanhol.
,,,,UECE,,Mestrado,,Programa de Pós-Graduação em Educação - PPGE/UECE / Mestrado,,uece.br/ppge,Fortaleza,Itaperi,,01/03/2027,24,"Português, Inglês e Espanhol"
,,,,UECE,,Mestrado,,Programa de Pós-Graduação em Saúde Coletiva - PPSAC,,https://www.uece.br/ppsac/,Fortaleza,Itaperi,,05/01/2027,24,Português e Espanhol
,,,,UECE,,Mestrado,,Programa de Pós Graduação em Ciências Fisiológicas - PPGCF,,www.uece.br/ppgcf,Fortaleza,Itaperi,,01/03/2027,24,"Ingles, Portugues, Espanhol"
,,,,UECE,,Mestrado,,Programa de Pós-Graduação em Educação e Ensino - PPGEEN,,https://www.uece.br/ppgeen/,Limoeiro do Norte,Faculdade de Filosofia Dom Aureliano Matos,,01/03/2027,24,Português/Espanhol/Inglês/Francês
,,,,UECE,,Mestrado,,Programa de Pós-Graduação em Nutrição e Saúde - PPGNS,,www.uece.br/ppgns,Fortaleza,Itaperi,,05/03/2027,24,Português?Espanhol/inglês
,,,,,,,,,,,,,,,,
16,Nordeste, Ceará      ,"
Universidade Federal do Ceará                                               ",UFC,,Mestrado,N/A,Agronomia: Fitotecnia,,ppgaf.ufc.br,Fortaleza,Pici,,02/08/2027,24,Português ou Espanhol
,,,,UFC,,Mestrado,,Arquitetura e Urbanismo e Design,,ppgaud.ufc.br,Fortaleza,Benfica,,02/08/2027,24,Português ou Inglês
,,,,UFC,,Mestrado,,Artes,,ppgartes.ufc.br,Fortaleza,Pici,,01/03/2027,24,Português ou Espanhol
,,,,UFC,,Mestrado,,Bioquímica,,ppgbioquimica.ufc.br,Fortaleza,Pici,,01/03/2027,24,"Português, Inglês ou Espanhol"
,,,,UFC,,Mestrado,,Biotecnologia,,ppgb.ufc.br,Sobral,Sobral,,01/03/2027,24,"Português, Inglês ou Espanhol"
,,,,UFC,,Mestrado,,Ciências da Saúde,,ppgcs.ufc.br/,Sobral,Sobral,,01/03/2027,24,Português ou Espanhol
,,,,UFC,,Mestrado,,Ciência do Solo,,ppgsolos.ufc.br,Fortaleza,Pici,,02/08/2027,24,Português ou Espanhol
,,,,UFC,,Mestrado,,Ciência e Tecnologia de Alimentos,,ppgcta@ufc.br,Fortaleza,Pici,,01/03/2027,24,"Português, Inglês ou Espanhol"
,,,,UFC,,Mestrado,,Ciências Marinhas Tropicais,,ppgcmt.ufc.br,Fortaleza,Labomar,,01/03/2027,24,"Português, Inglês ou Espanhol"
,,,,UFC,,Mestrado,,Ecologia e Recusos Naturais,,ppgern.ufc.br,Fortaleza,Pici,,01/03/2027,24,"Português, Inglês ou Espanhol"
,,,,UFC,,Mestrado,,Enfermagem,,ppgenfermagem.ufc.br,Fortaleza,Porangabuçu,,01/03/2027,24,Português ou Espanhol
,,,,UFC,,Mestrado,,Engenharia Agrícola,,ppgea.ufc.br,Fortaleza,Pici,,02/08/2027,24,Português ou Espanhol
,,,,UFC,,Mestrado,,Engenharia Civil: Estruturas e Construção Civil ,,pec.ufc.br,Fortaleza ,Pici,,01/03/2026,24,Português ou Espanhol
,,,,UFC,,Mestrado,,Engenharia Elétrica e de Computação,,ppgeec.ufc.br,Sobral,Sobral,,02/08/2027,24,"Português, Inglês ou Espanhol"
,,,,UFC,,Mestrado,,Estudos da Tradução,,poet@ufc.br,Fortaleza,Benfica,,02/08/2027,24,Português ou Espanhol
,,,,UFC,,Mestrado,,Filosofia,,ppgfilo.ufc.br,Fortaleza,Pici,,01/03/2027,24,Português
,,,,UFC,,Mestrado,,Física,,fisica.ufc.br/portal/pos,Fortaleza,Pici,,01/03/2027,24,"Português, Inglês ou Espanhol"
,,,,UFC,,Mestrado,,Gastronomia,,ppggastronomia.ufc.br,Fortaleza,Pici,,01/03/2027,24,Português ou Espanhol
,,,,UFC,,Mestrado,,Geografia,,ppggeografia.ufc.br,Fortaleza,Pici,,01/03/2027,24,Português ou Espanhol
,,,,UFC,,Mestrado,,História,,ppgh.ufc.br,Fortaleza,Benfica,,01/03/2027,24,Português ou Espanhol
,,,,UFC,,Mestrado,,MIcrobiologia Médica,,ppgmm@ufc.br,Fortaleza,Porangabuçu,,01/03/2027,24,Português ou Espanhol
,,,,UFC,,Mestrado,,Odontologia,,ppgo.ufc.br,Fortaleza,Porangabuçu,,02/08/2027,24,"Português, Inglês ou Espanhol"
,,,,UFC,,Mestrado,,Química,,pgquim.ufc.br,Fortaleza,Pici,,01/03/2027,24,"Português, Inglês ou Espanhol"
,,,,UFC,,Mestrado,,Saúde Pública,,saudepublica.ufc.br,Fortaleza,Porangabuçu,,01/03/2027,24,Português ou Espanhol
,,,,UFC,,Mestrado,,"Sistemática, Uso e Conservação da Biodiversidade",,ppgsis.ufc.br,Fortaleza,Pici,,01/03/2027,24,"Português, Inglês ou Espanhol"
,,,,,,,,,,,,,,,,
17,Nordeste,Maranhão,Universidade Estadual do Maranhão                                                ,UEMA,,Mestrado,N/A,Programa de Pós-graduação em Defesa Sanitária Animal,,https://www.ppgpdsa.uema.br/,São Luís,São Luís,,01/03/2027,24,Português básico ou Espanhol básico
,,,,UEMA,,Mestrado,,"Programa de Pós-graduação em Geografia, Natureza e Dinâmica do espaço",,https://www.ppgeo.uema.br/,São Luís,São Luís,,01/03/2027,24,Português básico ou Espanhol básico
,,,,,,,,,,,,,,,,
18,Nordeste,Paraíba,Universidade Federal de Campina Grande                                               ,UFCG,,Mestrado,N/A,Engenharia e Gestão de Recursos Naturais,,https://recursosnaturais.ufcg.edu.br/,Campina Grande - PB,Campina Grande,,01/03/2027,24,Português Avançado
,,,,UFCG,,Mestrado,,Ciência e Engenharia de Materiais,,uaema.ufcg.edu.br,Campina Grande - PB,Campina Grande,,01/09/2027,24,Português Intermediário ou Inglês Avançado
,,,,UFCG,,Mestrado,,Engenharia Agrícola,,www.ppgea.ufcg.edu.br,Campina Grande - PB,Campina Grande,,15/03/2027,24,Português Avançado
,,,,UFCG,,Mestrado,,Ciências Florestais,,https://sites.google.com/setor.ufcg.edu.br/ppgcf/in%C3%ADcio,Patos - PB,Patos,,01/03/2027,24,Português Intermediário ou Espanhol Intermediário
,,,,,,,,,,,,,,,,
19,Nordeste,Pernambuco,"
Universidade de Pernambuco                                               ",UPE,,Mestrado,N/A,Enfermagem,,https://w2.solucaoatrio.net.br/somos/upe-papgenf/index.php/pt/,Recife,Santo Amaro,,10/03/2027,24,"Português, Inglês e Espanhol"
,,,,UPE,,Mestrado,,Hebiatria,,https://w2.solucaoatrio.net.br/somos/upe-hebiatria/index.php/pt/,Recife,Santo Amaro,,10/03/2027,24,Português e Inglês
,,,,UPE,,Mestrado,,Saúde e Desenvolvimento Socioambiental,,https://w2.solucaoatrio.net.br/somos/upe-ga-sds/index.php/pt/,Garanhuns,Garanhuns,,01/03/2027,24,Português e Inglês
,,,,UPE,,Mestrado,,Engenharia da Computação,,https://w2.solucaoatrio.net.br/somos/upe-ppgec/index.php/pt/,Recife,Benfica,,01/03/2027,24,"Português, Inglês e Espanhol"
,,,,UPE,,Mestrado,,Engenharia Civil,,https://pecpoli.com.br/,Recife,Benfica,,01/03/2027,24,Português e Espanhol - nível intermediário
,,,,,,,,,,,,,,,,
20,Nordeste,Pernambuco,Universidade Federal de Pernambuco                                              ,UFPE,,Mestrado,N/A,Antropologia,,https://www.ufpe.br/ppga,Recife,Recife,,01/03/2027,24,Português; Espanhol
,,,,UFPE,,Mestrado,,Ciência da Informação,,https://www.ufpe.br/ppgci,Recife,Recife,,01/03/2027,24,Português; Inglês
,,,,UFPE,,Mestrado,,Ciências Farmacêuticas,,https://www.ufpe.br/ppgcf,Recife,Recife,,01/03/2027,24,Português; Inglês
,,,,UFPE,,Mestrado,,Economia - CAA,,https://www.ufpe.br/ppgecon,Caruaru,Caruaru,,01/03/2027,24,Português; Espanhol
,,,,UFPE,,Mestrado,,Educação Contemporânea,,https://www.ufpe.br/ppgeduc,Caruaru,Caruaru,,01/03/2027,24,Português
,,,,UFPE,,Mestrado,,Engenharia Civil e Ambiental,,https://www.ufpe.br/ppgecam,Caruaru,Caruaru,,01/03/2027,24,Português; Espanhol; Inglês
,,,,UFPE,,Mestrado,,Engenharia de Produção - CAA,,https://www.ufpe.br/ppgepcaa,Caruaru,Caruaru,,01/03/2027,24,Português
,,,,UFPE,,Mestrado,,Medicina Tropical,,https://www.ufpe.br/ppgmedtrop,Recife,Recife,,01/03/2027,24,Português; Espanhol
,,,,,,,,,,,,,,,,
21,Nordeste,Pernambuco,Universidade Federal Rural de Pernambuco                                               ,UFRPE,,Mestrado,N/A,Administração e Desenvolvimento,,www.ppad.ufrpe.br,Recife,SEDE-RECIFE,,08/03/2027,24,"Português avançado (Mestrado e Doutorado)
 Inglês intermediário (Mestrado)
 Inglês avançado (Doutorado)"
,,,,UFRPE,,Mestrado,,Agronomia (Melhoramento Genético de Plantas),,https://pgmp.ufrpe.br/,Recife,SEDE-RECIFE,,08/03/2027,24,"Espanhol ou Português (Básico, intermediário ou avançado)"
,,,,UFRPE,,Mestrado,,Biodiversidade,,https://ww2.pgb.ufrpe.br/,Recife,SEDE-RECIFE,,08/03/2027,24,"Português - Básico, intermediário ou avançado
 Espanhol - Intermediário, Avançado
 Inglês - Avançado"
,,,,UFRPE,,Mestrado,,Biometria e Estatística Aplicada,,https://www.ppgbea.ufrpe.br/,Recife,SEDE-RECIFE,,08/03/2027,24,"português (intermediário e avançado), inglês (avançado), francês (avançado), espanhol (avançado)"
,,,,UFRPE,,Mestrado,,Ciência do Solo,,https://www.pgs.ufrpe.br/,Recife,SEDE-RECIFE,,08/03/2027,24,Português Intermediário
,,,,UFRPE,,Mestrado,,Ciências Florestais,,https://www.ppgcf.ufrpe.br,Recife,SEDE-RECIFE,,08/03/2027,24,português ou espanhol ou inglês - nível básico a intermediário
,,,,UFRPE,,Mestrado,,Engenharia Agrícola,,www.pgea.ufrpe.br,Recife,SEDE-RECIFE,,08/03/2027,24,Ingles ou portugues ou espanhol Basico
,,,,UFRPE,,Mestrado,,Engenharia Física - UACSA,,https://www.ppengfis.ufrpe.br/,Cabo de Santo Agostinho,UACSA,,01/08/2027,24,Português ou Espanhol
,,,,UFRPE,,Mestrado,,Entomologia,,www.ppge.ufrpe.br,Recife,SEDE-RECIFE,,01/08/2027,24,"Inglês - Básico
 Espanhol - Básico
 Português - Báscio"
,,,,UFRPE,,Mestrado,,Estudos da Linguagem,,https://www.progel.ufrpe.br/,Recife,SEDE-RECIFE,,08/03/2027,24,Inglês - básico
,,,,UFRPE,,Mestrado,,Engenharia Ambiental,,www.ufrpe.br/ppeamb,Recife,SEDE-RECIFE,,01/08/2027,24,Inglês ou Francês ou Espanhol (avançado)
,,,,UFRPE,,Mestrado,,Etnobiologia e Conservação da Natureza,,www.pgetno.ufrpe.br,Recife,SEDE-RECIFE,,08/03/2027,24,Inglês e espanhol (intermediário e avançado)
,,,,UFRPE,,Mestrado,,Fitopatologia,,https://www.ppgf.ufrpe.br/,Recife,SEDE-RECIFE,,01/08/2027,24,Português Intermediário
,,,,UFRPE,,Mestrado,,Produção Vegetal - UAST,,https://ww2.pgpv.ufrpe.br,Serra Talhada,UAST,,08/03/2027,24,"Português (Básico), Espanhol (Básico) e Inglês (Básico)"
,,,,UFRPE,,Mestrado,,Recursos Pesqueiros e Aquicultura,,https://ww2.pgpa.ufrpe.br/,Recife,SEDE-RECIFE,,08/03/2027,24,inglês ( básico ) e Espanhol ( básico )
,,,,,,,,,,,,,,,,
22,Nordeste,Pernambuco,Universidade Federal do Vale do São Francisco                                       ,UNIVASF,,Mestrado,N/A,Programa de Pós-Graduação em Educação Física,,https://portais.univasf.edu.br/ppgef,Petrolina,Petrolina Sede,,15/03/2027,24,Inglês e espanhol
,,,,,,,,,,,,,,,,
23,Nordeste,"
Piauí  ",Universidade Federal do Piauí,UFPI,,Mestrado,N/A,Engenharia Elétrica,,https://ufpi.br/,TERESINA,Ministro Petrônio Portella,,01/03/2027,24,Português
,,,,UFPI,,Mestrado,,Biodiversidade e Conservação,,https://ufpi.br/floriano,FLORIANO,Campus Amilcar Ferreira Sobral,,01/03/2027,24,Português
,,,,UFPI,,Mestrado,,Comunicação,,https://ufpi.br/,TERESINA,Ministro Petrônio Portella,,01/03/2027,24,Português
,,,,UFPI,,Mestrado,,Geografia,,https://ufpi.br/,TERESINA,Ministro Petrônio Portella,,01/03/2027,24,Português
,,,,UFPI,,Mestrado,,Ciências e Saúde,,https://ufpi.br/,TERESINA,Ministro Petrônio Portella,,01/03/2027,24,Português
,,,,UFPI,,Mestrado,,Educação,,https://ufpi.br/,TERESINA,Ministro Petrônio Portella,,01/03/2027,24,Português
,,,,UFPI,,Mestrado,,Filosofia,,https://ufpi.br/,TERESINA,Ministro Petrônio Portella,,01/03/2027,24,Português
,,,,UFPI,,Mestrado,,Alimentos e Nutrição,,https://ufpi.br/,TERESINA,Ministro Petrônio Portella,,01/03/2027,24,Português
,,,,,,,,,,,,,,,,
24,Nordeste,"
Rio Grande do Norte  ",Universidade Federal Rural do Semi-Árido,UFERSA,,Mestrado,N/A,Programa de Pós-Graduação em Ensino,,https://portal.uern.br/propeg/posensino/,Mossoró-RN,Campus Central,,01/03/2027,24,"Inglês, espanhol, português e francês"
,,,,UFERSA,,Mestrado,,Programa em Ciencia Animal,,ppgca.ufersa.edu.br,Mossoró-RN,Campus Mossoró,,03/03/2027,24,ingles - fluente
,,,,UFERSA,,Mestrado,,Programa de Pós-Graduação em Fitotecnia,,https://ppgfito.ufersa.edu.br/,Mossoró-RN,Campus Mossoró,,03/01/2027,24,"Inglês E Português, Niveis Basicos"
,,,,UFERSA,,Mestrado,,"Programa de Pós-Graduação em Ambiente, Tecnologia E Sociedade",,https://ppgats.ufersa.edu.br/,Mossoró-RN,Campus Mossoró,,03/01/2027,24,"Níveis Intermediários De Português, Inglês, Espanhol Ou Françês"
,,,,UFERSA,,Mestrado,,Programa de Pós-Graduação em Manejo de Solo E Água,,www.ppgmsa.ufersa.edu.br,Mossoró-RN,Campus Mossoró,,03/01/2027,24,Português/básico
,,,,UFERSA,,Mestrado,,Programa de Pós Graduação em Direito da Ufersa/Mestrado,,https://ppgd.ufersa.edu.br/,Mossoró-RN,Campus Mossoró,,08/08/2027,24,Inglês (Avançado); espanhol (avnaçado); português (avançado) 
,,,,,,,,,,,,,,,,
,,,,,,,,,,,,,,,,
26,Centro-Oeste,Goiás,"


Instituto Federal Goiano                                          ",IF Goiano,,Mestrado,N/A,Mestrado Ciências Agrárias ,,Doutorado em Agroquímica,Rio Verde - GO ,Rio Verde IF Goiano ,,16/03/2027,24,"Português, Inglês, Francês, Espanhol "
,,,,IF Goiano,,Mestrado,,Mestrado em Agroquímica ,,https://sistemas.ifgoiano.edu.br/sgcursos/index.php?id_curso=MTI=&p=pos-graduacao,Rio Verde - GO ,Rio Verde IF Goiano ,,16/03/2027,24,Português e Espanhol
,,,,IF Goiano,,Mestrado,,Mestrado em Biodiversidade E Conservação ,,https://sistemas.ifgoiano.edu.br/sgcursos/index.php?id_curso=Nw==&p=pos-graduacao,Rio Verde - GO ,Rio Verde IF Goiano ,,16/03/2027,24,"Português, Inglês, Espanhol "
,,,,IF Goiano,,Mestrado,,Mestrado em Zootecnia ,,https://sistemas.ifgoiano.edu.br/sgcursos/index.php?id_curso=MTA=&p=pos-graduacao#,Rio Verde - GO ,Rio Verde IF Goiano ,,16/03/2027,24,"Português, Inglês, Espanhol "
,,,,,,,,,,,,,,,,
27,Centro-Oeste,Goiás,Universidade Federal de Goiás                                         ,UFG,,Mestrado,N/A,PPGBRPH - Biologia da Relação Parasito-Hospedeiro,,https://bioparasitohospedeiro.iptsp.ufg.br,Goiânia,Colemar Natal e Silva,,01/03/2027,24,"Espanhol B1, Português B1"
,,,,UFG,,Mestrado,,PPGCS - Ciências da Saúde,,cienciassaude.medicina.ufg.br,Goiânia,Colemar Natal e Silva,,01/08/2027,24,"Inglês B1, Espanhol B1, Português B1"
,,,,UFG,,Mestrado,,PPGE - Educação,,FE - PPGE,Goiânia,Colemar Natal e Silva,,01/03/2027,24,"Português B1, Espanhol B1"
,,,,UFG,,Mestrado,,PPGFIL - Filosofia,,https://pos.filosofia.ufg.br/,Goiânia,Samambaia,,01/03/2027,24,"Inglês B1, Espanhol B1, Português B1, Francês B1"
,,,,UFG,,Mestrado,,PPGF - Física,,https://posgraduacao.if.ufg.br/,Goiânia,Samambaia,,01/03/2027,24,"Inglês B1, Espanhol B1, Português B1"
,,,,UFG,,Mestrado,,PPGMTSP - Medicina Tropical e Saúde Pública,,https://ppgmtsp.iptsp.ufg.br/,Goiânia,Colemar Natal e Silva,,01/03/2027,24,"Português B1, Inglês B1, Espanhol B1, Italiano B1"
,,,,UFG,,Mestrado,,PPGCC - Ciência da Computação,,https://ppgcc.inf.ufg.br/,Goiânia,Samambaia,,01/03/2027,24,"Inglês B1, Espanhol B1, Português B1"
,,,,UFG,,Mestrado,,PPGCTA - Ciência e Tecnologia de Alimentos,,https://ppgcta.agro.ufg.br/,Goiânia,Samambaia,,01/03/2027,24,"Inglês B1, Espanhol B1, Português B1"
,,,,UFG,,Mestrado,,PPGCOM - Comunicação,,https://ppgcom.fic@ufg.br/https://ppgcom.fic@ufg.br/,Goiânia ,Samambaia ,,01/03/2027,24,português e espanhol
,,,,UFG,,Mestrado,,PPGDR - Desenvolvimento Regional,,https://ppgdr.face.ufg.br/,Goiânia,Samambaia,,01/04/2027,24,"Português B1, Espanhol B1"
,,,,UFG,,Mestrado,,PPGDA - Direito Agrário,,https://ppgda.direito.ufg.br/,Goiânia,Praça Universitária,,01/04/2027,24,"Inglês B1, Espanhol B1, Francês B1, Português B1"
,,,,UFG,,Mestrado,,PPGDH - Direitos Humanos,,https://pos.direitoshumanos.ufg.br/,Goiânia ,Samambaia,,01/01/2027,24,"Português B1, Espanhol B1"
,,,,UFG,,Mestrado,,PPGECON - Economia,,https://ppgecon.face.ufg.br/,Goiânia,Samambaia,,01/03/2027,24,"Inglês B1, Espanhol B1, Português B1"
,,,,UFG,,Mestrado,,PPGENFS - Enfermagem,,https://ppgenfs.fen.ufg.br/,Goiânia,Samambaia,,01/03/2027,24,"Português B1, Espanhol B1"
,,,,UFG,,Mestrado,,PPGEAS - Eng. Ambiental e Sanitária,,https://ppgeas.eeca.ufg.br/,Goiânia,Colemar Natal e Silva,,01/03/2027,24,"Português B1, Espanhol B1"
,,,,UFG,,Mestrado,,PPGH - História ,,https://pos.historia.ufg.br/,Goiânia,Samambaia,,01/03/2027,24,"Inglês B1, Espanhol B1, Português B1"
,,,,UFG,,Mestrado,,PPG - Nutrição e Saúde,,https://ppgnut.fanut.ufg.br/,Goiânia,Colemar Natal e Silva,,08/03/2027,24,"Inglês B1, Espanhol B1, Português B2"
,,,,UFG,,Mestrado,,PPGO - Odontologia,,https://posgraduacao.odonto.ufg.br/,Goiânia,Colemar Natal e Silva,,08/03/2027,24,"Inglês B1, Espanhol B1, Português B1"
,,,,UFG,,Mestrado,,PPGPROCIDADE - Arq. & Urbanismo,,https://projetoecidade.fav.ufg.br/,Goiânia,Samambaia,,01/03/2027,24,"Inglês B1, Espanhol B1, Português B1"
,,,,,,,,,,,,,,,,
28,Centro-Oeste,Goiás,Universidade Federal de Jataí                                                 ,UFJ,,Mestrado,N/A,Programa de Pós-Graduação em Geografia,,https://ppggeo.ufj.edu.br/,Jataí,Riachuelo e Jatobá,,16/03/2027,24 Meses,Inglês ou Espanhol ou Português fluentes
,,,,,,,,,,,,,,,,
29,Centro-Oeste,Distrito Federal ,"
Universidade de Brasília                                        ",UNB,,Mestrado,N/A,Programa de Pós-graduação em Nutrição Humana (PPGNH),,https://ppgnh.unb.br/,Brasília,Darcy Ribeiro (Asa Norte),,01/08/2027,24,Nível de proficiência em português intermediário (CELPE-BRAS)
,,,,UNB,,Mestrado,,Programa de Pós-graduação em Linguística Aplicada (PGLA),, https://pgla.unb.br/,Brasília,Darcy Ribeiro (Asa Norte),,01/03/2027,24,Nível de proficiência em português intermediário (CELPE-BRAS)
,,,,UNB,,Mestrado,,Programa de Pós-Graduação em Psicologia Social do Trabalho e das Organizações - PPG-PSTO,,https://psto.unb.br/,Brasília,Darcy Ribeiro (Asa Norte),,01/03/2027,24,Nível de proficiência em português intermediário (CELPE-BRAS)
,,,,UNB,,Mestrado,,Programa de Pós-Graduação em Desenvolvimento Sustentável - PPGCDS,,https://cds.unb.br/,Brasília,Darcy Ribeiro (Asa Norte),,01/08/2027,24,espanhol e inglês - nível básico
,,,,UNB,,Mestrado,,Programa de Pós-graduação em Artes Visuais (PPGAV),,https://www.ppgav.unb.br/,Brasília,Darcy Ribeiro (Asa Norte),,01/03/2027,24,Nível de proficiência em português intermediário (CELPE-BRAS)
,,,,,,,,,,,,,,,,
30,Centro-Oeste,Mato Grosso,"
Universidade do Estado de Mato Grosso Carlos Alberto Reyes Maldonado                                         ",UNEMAT,,Mestrado,N/A,Programa de Pós-graduação Stricto Sensu em Geografia ,, caceres.unemat.br/faculdades/fach/stricto/ppggeo/,Cáceres- MT,Campus Universitário de Jane Vanini,,05/04/2027,24,Português e Espanhol
,,,,UNEMAT,,Mestrado,,Programa de Pós-graduação Stricto Sensu em Ambiente e Sistemas de Produção Agrícola,,https://tangaradaserra.unemat.br/faculdades/facabes/stricto/ppgasp/,Tangará da Serra- MT,Campus Universitário de Tangará da Serra,,15/02/2027,24,Língua Portuguesa com proficiência nível avançado
,,,,UNEMAT,,Mestrado,,Programa de Pós-graduação Stricto Sensu em Ciências Ambientais ,, https://caceres.unemat.br/faculdades/facab/stricto/ppgca,Cáceres- MT,Campus Universitário de Jane Vanini,,01/04/2027,24,Inglês e Espanhol
,,,,UNEMAT,,Mestrado,,Programa de Pós-graduação Stricto Sensu em Educação ,,https://caceres.unemat.br/faculdades/facel/stricto/ppgedu/ ,Cáceres- MT,Campus Universitário de Jane Vanini,,15/03/2027,24,Português e Espanhol
,,,,,,,,,,,,,,,,
31,Centro-Oeste,Mato Grosso,Universidade Federal de Mato Grosso                                         ,UFMT,,Mestrado,N/A,Programa de Pós-graduação em Antropologia Social,,https://www.ufmt.br/curso/ppgas,Cuiabá,Cuiabá,,08/03/2027,24,Português e Espanhol 
,,,,UFMT,,Mestrado,,Programa de Pós-graduação em Estudos de Linguagem,,https://www.ufmt.br/curso/ppgel,Cuiabá,Cuiabá,,08/03/2027,24,"Espanhol, Inglês e Português"
,,,,UFMT,,Mestrado,,Programa de Pós-graduação em Física Ambiental,,https://pgfa.ufmt.br,Cuiabá,Cuiabá,,08/03/2027,24,Português
,,,,UFMT,,Mestrado,,Programa de Pós-graduação em Geociências,,https://www.ufmt.br/curso/ppgec,Cuiabá,Cuiabá,,08/03/2027,24,Português e Inglês
,,,,UFMT,,Mestrado,,Programa de Pós-graduação em Ciências Florestais e Ambientais,,https://www.ufmt.br/curso/ppgcfa,Cuiabá,Cuiabá,,08/03/2027,24,"Português, inglês e espanhol"
,,,,UFMT,,Mestrado,,Programa de Pós-Graduação em Direito,,https://ufmt.br/curso/ppgd/pagina/institucional/4111,Cuiabá,Cuiabá,,08/03/2027,24,"Português, inglês e espanhol"
,,,,UFMT,,Mestrado,,Programa de Pós-Graduação em Educação,,https://ppge.ufmt.br/,Cuiabá,Cuiabá,,08/03/2027,24,Português e Espanhol 
,,,,UFMT,,Mestrado,,Programa de Pós-Graduação em Engenharia Elétrica,,https://ppgeel.ufmt.br/,Cuiabá,Cuiabá,,08/03/2027,24,Português
,,,,UFMT,,Mestrado,,Programa de Pós-Graduação em Filosofia,,https://ppgfil.org/,Cuiabá,Cuiabá,,08/03/2027,24,"Português, inglês, espanhol"
,,,,UFMT,,Mestrado,,Programa de Pós-Graduação em Geografia,,https://ufmt.br/curso/geografiacba,Cuiabá,Cuiabá,,08/03/2027,24,"Português, inglês e espanhol"
,,,,UFMT,,Mestrado,,Programa de Pós-Graduação em Sociologia ,,https://www.ufmt.br/curso/ppgs,Cuiabá,Cuiabá,,08/03/2027,24,"Português, inglês, francês e espanhol"
,,,,,,,,,,,,,,,,
32,Centro-Oeste,Mato Grosso do Sul,"

Universidade Estadual de Mato Grosso do Sul                                           ",UEMS,,Mestrado,N/A,Programa de pós-graduação em Desenvolvimento Regional e Sistemas Produtivos,,https://www.uems.br/ppg/ppgdrs,Ponta Porã,UEMS,,01/03/2027,24,"Português intermediário
 Espanhol intermediário"
,,,,UEMS,,Mestrado,,Programa de pós-graduação em Ensino em Saúde,,https://www.uems.br/ppg/ppges,Dourados,UEMS,,01/03/2027,24,"Português intermediário
 Espanhol intermediário"
,,,,UEMS,,Mestrado,,Programa de pós-graduação em Educação,,https://www.uems.br/ppg/pgedu,Paranaíba,UEMS,,01/03/2027,24,"Português intermediário
 Espanhol intermediário"
,,,,UEMS,,Mestrado,,Programa de pós-graduação em Biodiversidade Ambiental e Sustentabilidade,,https://www.uems.br/ppg/pgbsa,Mundo Novo,UEMS,,01/03/2027,24,"Português intermediário
 Espanhol intermediário"
,,,,,,,,,,,,,,,,
,,,,,,,,,,,,,,,,
34,Centro-Oeste,Mato Grosso do Sul,Fundação Universidade Federal da Grande Dourados                                           ,UFGD,,Mestrado,N/A,Agronomia,,https://portal.ufgd.edu.br/pos-graduacao/mestrado-doutorado-agronomia/index,Dourados,Dourados,,15/03/2027,24,Português
,,,,UFGD,,Mestrado,,Fronteiras e Direitos Humanos,,https://portal.ufgd.edu.br/pos-graduacao/mestrado-fronteiras/index,Dourados,Dourados,,15/03/2027,24,Português ou Espanhol
,,,,,,,,,,,,,,,,
35,Sul,Paraná,"

Universidade Tecnológica Federal do Paraná                                               ",UTFPR,,Mestrado,N/A,Programa de Pós-Graduação em Processos Químicos e Biotecnológicos (PPGPQB-TD),,https://www.utfpr.edu.br/cursos/programas-de-pos-graduacao/ppgqb-td,Toledo,Toledo,,01/08/2027,24,Inglês ou Espanhol e Português (Básico)
,,,,UTFPR,,Mestrado,,Programa de Pós-Graduação em Biotecnologia (PPGBIOTEC-DV/PG),,https://www.utfpr.edu.br/cursos/programas-de-pos-graduacao/ppgbiotec-multi,Dois Vizinhos,Dois Vizinhos,,01/03/2027,24,Português e Espanhol
,,,,UTFPR,,Mestrado,,Programa de Pós-Graduação em Zootecnia (PPZ-DV),,https://www.utfpr.edu.br/cursos/programas-de-pos-graduacao/ppz,Dois Vizinhos/Marechal Candido Rondon,Dois Vizinhos,,15/03/2027,24,Português/Inglês/Espanhol
,,,,UTFPR,,Mestrado,,Programa de Pós-Graduação em Desenvolvimento Regional (PPGDR-PB),,https://www.utfpr.edu.br/cursos/programas-de-pos-graduacao/ppgdr-pb,Pato Branco,Pato Branco,,01/03/2027,24,"Português básico (equivale ao CELPE-Bras I - Intermediário);
 Espanhol básico (equivale ao ELSE-CELU ou DELE B1)"
,,,,UTFPR,,Mestrado,,Programa de Pós-Graduação em Engenharia Ambiental (PPGEA-AP/LD),,https://ppgea.ld.utfpr.edu.br/,Apucarana e Londrina,Apucarana e Londrina,,01/03/2027,24,Português fluente ou espanhol fluente
,,,,UTFPR,,Mestrado,,Programa de Pós-Graduação em Engenharia de Produção (PPGEP-PG),,https://www.utfpr.edu.br/cursos/programas-de-pos-graduacao/ppgep-pg,Ponta Grossa,Ponta Grossa,,01/03/2027,24,"Português, Espanhol, Inglês"
,,,,UTFPR,,Mestrado,,Programa de Pós-Graduação em Tecnologias Computacionais para o Agronegócio (PPGCTA-MD),,https://www.utfpr.edu.br/cursos/programas-de-pos-graduacao/ppgtca-md,Medianeira,Medianeira,,02/03/2027,24,"Portugues, Espanhol, Inglês"
,,,,UTFPR,,Mestrado,,Programa de Pós-Graduação em Agroecossistemas (PPGSIS-DV/SH),,https://www.utfpr.edu.br/cursos/programas-de-pos-graduacao/ppgsis-dv,Dois Vizinhos e Santa Helena,Dois Vizinhos e Santa Helena,,08/03/2027,24,"Inglês, Frances, Italiano, Espanhol"
,,,,UTFPR,,Mestrado,,Programa de Pós-Graduação em Engenharia Elétrica e Informática Industrial (CPGEI-CT),,https://www.utfpr.edu.br/cursos/programas-de-pos-graduacao/cpgei-ct,Curitiba,Curitiba,,01/04/2027 (cota 01) e 01/05/2027 (cota 02),24,"Portugues, Espanhol, Inglês"
,,,,UTFPR,,Mestrado,,Programa de Pós-Graduação em Ciência e Tecnologia Ambiental (PPGCTA-CT),,Programa de Pós-Graduação em Ciência e Tecnologia Ambiental (PPGCTA-CT),Curitiba,Curitiba,,01/03/2027,24,Inglês e Espanhol
,,,,,,,,,,,,,,,,
36,Sul,Paraná,"

Universidade Federal do Paraná                                               ",UFPR,,Mestrado,N/A,Engenharia de Produção-40001016070p1,,http://www.ppgep.ufpr.br,Curitiba,Centro Politécnico,,08/03/2027,24,Português e Inglês
,,,,UFPR,,Mestrado,,Gestão da Informação-40001016058p1,,http://www.ppggi.ufpr.br,Curitiba,Jardim Botânico,,05/04/2027,24,Português / Espanhol 
,,,,UFPR,,Mestrado,,Desenvolvimento Territorial Sustentável-40001016081p3,,www.ppgdts.ufpr.br,Matinhos,Litoral,,01/04/2027,24,Quadro Europeu Comum de Referência para as Línguas (QECR) no nível B1
,,,,UFPR,,Mestrado,,Engenharia de Bioprocessos e Biotecnologia-40001016036p8,,http://www.prppg.ufpr.br/site/ppgebb/,Curitiba,Centro Politécnico,,15/03/2027,24,Português e/ou Inglês
,,,,UFPR,,Mestrado,,Planejamento Urbano-40001016104p3,,http://www.prppg.ufpr.br/site/ppgppu/,Curitiba,Centro Politécnico,,01/03/2027,24,Português  ou espanhol - suficiência
,,,,UFPR,,Mestrado,,Contabilidade-40001016050p0,,http://www.prppg.ufpr.br/site/ppgcontabilidade/,Curitiba,Jardim Botânico,,01/03/2027,24,Português
,,,,UFPR,,Mestrado,,Engenharia de Alimentos-40001016019p6,,http://www.prppg.ufpr.br/site/posalim/,Curitiba,Centro Politécnico,,15/03/2027,24,"espanhol, português e inglês"
,,,,,,,,,,,,,,,,
37,Sul,Paraná,Universidade Estadual de Londrina                                               ,UEL,,Mestrado,N/A,Engenharia Elétrica,,https://pos.uel.br/meel/,Londrina,Sede,https://pos.uel.br/meel/,15/03/2027,24,Protuguês e Inglês Avançado
,,,,UEL,,Mestrado,,Física,,https://pos.uel.br/fisica/,Londrina,Sede,https://pos.uel.br/fisica/,15/03/2027,24,"Português, espanhol, inglês"
,,,,UEL,,Mestrado,,Educação,,https://www.ppedu.uel.br/pt/,Londrina,Sede,https://www.ppedu.uel.br/pt/,15/03/2027,24,"Português, Espanhol - nível básico A2."
,,,,UEL,,Mestrado,,Patologia Experimental,,https://pos.uel.br/patologiaexperimental/,Londrina,Sede,https://pos.uel.br/patologiaexperimental/,15/03/2027,24,"Português, Inglês, Espanhol"
,,,,UEL,,Mestrado,,Ciências da Saúde,,https://pos.uel.br/cienciasdasaude/,Londrina,Sede,https://pos.uel.br/cienciasdasaude/,15/03/2027,24,Português
,,,,,,,,,,,,,,,,
38,Sul,Rio Grande do Sul,"
Universidade Federal do Rio Grande                                                ",FURG,,Mestrado,N/A,Engenharia e Ciência de Alimentos,,https://ppgeca.furg.br/,Rio Grande,Carreiros,,01/03/2027,24,"português, espanhol, inglês (disciplinas ministradas em português)"
,,,,FURG,,Mestrado,,Engenharia de Computação,,https://ppgcomp.furg.br/,Rio Grande,Carreiros,,01/03/2027,24,"português, espanhol, inglês (disciplinas ministradas em português)"
,,,,FURG,,Mestrado,,Letras,,https://ppgletras.furg.br/,Rio Grande,Carreiros,,01/03/2027,24,"português, espanhol, inglês (disciplinas ministradas em português)"
,,,,FURG,,Mestrado,,Biologia de Ambientes Aquáticos Continentais,,https://ppgbac.furg.br/,Rio Grande,Carreiros,,01/03/2027,24,"português, espanhol, inglês (disciplinas ministradas em português)"
,,,,FURG,,Mestrado,,Química Tecnológica e Ambiental,,https://ppgqta.furg.br/,Rio Grande,Carreiros,,01/03/2027,24,"português, espanhol, inglês (disciplinas ministradas em português)"
,,,,FURG,,Mestrado,,Ciências da Saúde,,https://ppgcs.furg.br/,Rio Grande,Carreiros,,01/03/2027,24,"português, espanhol, inglês (disciplinas ministradas em português)"
,,,,FURG,,Mestrado,,Aquicultura,,https://ppgaquicultura.furg.br/ ,Rio Grande,Carreiros,,01/03/2027,24,"português, espanhol, inglês (disciplinas ministradas em português)"
,,,,FURG,,Mestrado,,Direito e Justiça Social ,,https://ppgdjs.furg.br/ ,Rio Grande,Carreiros,,01/03/2027,24,"português, espanhol, inglês (disciplinas ministradas em português)"
,,,,FURG,,Mestrado,,Ciências Fisiológicas,,https://ppgcf.furg.br/,Rio Grande,Carreiros,,01/03/2027,24,"português, espanhol, inglês (disciplinas ministradas em português)"
,,,,,,,,,,,,,,,,
39,Sul,Rio Grande do Sul,"

Universidade Federal de Pelotas                                                ",UFPel,,Mestrado,N/A,Desenvolvimento Territorial e Sistemas Agroindustriais,,https://wp.ufpel.edu.br/ppgdtsa/,Pelotas,Capão do Leão,,01/03/2027,24,Português ou Espanhol
,,,,UFPel,,Mestrado,,Ciência e Engenharias de Materiais,,https://wp.ufpel.edu.br/ppgcem/,Pelotas,Anglo,,01/03/2027,24,"Protuguês, Espanhol e Inglês"
,,,,UFPel,,Mestrado,,Geografia,,https://wp.ufpel.edu.br/ppgeo/,Pelotas,Ciências Humanas e Sociais,,01/03/2027,24,Português e Espanhol
,,,,UFPel,,Mestrado,,Veterinária,,https://wp.ufpel.edu.br/ppgveterinaria/,Pelotas,Capão do Leão,,01/03/2027,24,"Protuguês, Espanhol e Inglês"
,,,,UFPel,,Mestrado,,Física,,https://wp.ufpel.edu.br/pgfisica/,Pelotas,Capão do Leão,,01/03/2027,24,"Português, Espanhol e Inglês"
,,,,UFPel,,Mestrado,,Agronomia,,https://wp.ufpel.edu.br/ppga/,Pelotas,Capão do Leão,,01/03/2027,48,"Português , espanhol e inglês"
,,,,UFPel,,Mestrado,,Educação Matemática,,https://wp.ufpel.edu.br/ppgemat ,Pelotas,Anglo,,01/03/2027,24,Português ou Espanhol
,,,,UFPel,,Mestrado,,Letras,,https://wp.ufpel.edu.br/ppgl,Pelotas,Anglo,,01/03/2027,24,"Português , espanhol e inglês"
,,,,,,,,,,,,,,,,
40,Sul,Rio Grande do Sul,"

Universidade Federal de Ciências da Saúde de Porto Alegre                       ",UFCSPA,,Mestrado,N/A,PPG Ciências da Reabilitação,,https://ufcspa.edu.br/vida-academica/pos-graduacao/mestrado-e-doutorado/ciencias-da-reabilitacao,Porto Alegre,Central,,01/04/2027,24,Português/Inglês
,,,,UFCSPA,,Mestrado,,PPG Ciências da Saúde,,https://ufcspa.edu.br/vida-academica/pos-graduacao/mestrado-e-doutorado/ciencias-da-saude,Porto Alegre,Central,,01/12/2027,24,Português/Inglês ou Espanhol
,,,,UFCSPA,,Mestrado,,PPG Hepatologia,,https://ufcspa.edu.br/vida-academica/pos-graduacao/mestrado-e-doutorado/hepatologia,Porto Alegre,Central,,01/04/2027,24,Português/Inglês
,,,,UFCSPA,,Mestrado,,PPG Patologia,,https://ufcspa.edu.br/vida-academica/pos-graduacao/mestrado-e-doutorado/patologia,Porto Alegre,Central,,01/05/2027,24,Português/Inglês
,,,,,,,,,,,,,,,,
41,Sul,Rio Grande do Sul,Universidade Federal de Santa Maria                      ,UFSM,,Mestrado,N/A,Programa de Pós-Graduação em Direito,,https://www.ufsm.br/cursos/pos-graduacao/santa-maria/ppgd ,Santa Maria,Santa Maria,,01/03/2027,24,Português e Espanhol
,,,,UFSM,,Mestrado,,Programa de Pós Graduação em Distúrbios da Comunicação Humana,,www.ufsm.br/ppgdch,Santa Maria,Santa Maria,,01/03/2027,24,"português (fala, lê e escreve) e/ou espanhol (fala)"
,,,,UFSM,,Mestrado,,Programa de Pós-graduação em Engenharia de Produção,,https://www.ufsm.br/cursos/pos-graduacao/santa-maria/ppgep,Santa Maria,Santa Maria,,01/03/2027,24,Português e Espanhol
,,,,UFSM,,Mestrado,,Programa de Pós-Graduação em Agronegócios,,https://www.ufsm.br/cursos/pos-graduacao/palmeira-das-missoes/ppgagr,Palmeira das Missões,Palmeira das Missões,,02/08/2027,24,Português e Espanhol
,,,,UFSM,,Mestrado,,Programa de Pós-Graduação em Enfermagem,,https://www.ufsm.br/,Santa Maria,Santa Maria,,01/03/2027,24,Português e Espanhol
,,,,UFSM,,Mestrado,,Programa de Pós-Graduação em Ciências Odontológicas,,https://www.ufsm.br/cursos/pos-graduacao/santa-maria/ppgco,Santa Maria,Santa Maria,,01/03/2027,24,Português e Espanhol
,,,,UFSM,,Mestrado,,Programa de Pós-Graduação em Educação,,https://www.ufsm.br/cursos/pos-graduacao/santa-maria/ppge,Santa Maria,Santa Maria,,02/08/2027,24,"Português, espanhol, inglês, italiano e francês"
,,,,UFSM,,Mestrado,,Programa de Pós-Graduação em Relações Internacionais,,https://www.ufsm.br/cursos/pos-graduacao/santa-maria/ppgri,Santa Maria,Santa Maria,,01/03/2027,24,"Português, espanhol ou Inglês"
,,,,UFSM,,Mestrado,,Programa de Pós-Graduação em Economia e Desenvolvimento,,www.ufsm.br/ppged,Santa Maria,Santa Maria,,01/03/2027,24,Português
,,,,,,,,,,,,,,,,
42,Sul,Rio Grande do Sul,Universidade Federal do Rio Grande do Sul                      ,UFRGS,,Mestrado,N/A,Programa de Pós-Graduação em Ciência da Informação,,https://www.ufrgs.br/ppgcin/,Porto Alegre ,Campus Saúde,,01/03/2027,24,Português/Inglês/Espanhol
,,,,UFRGS,,Mestrado,,Programa de Pós-Graduação em Ciências do Movimento Humano ,,https://www.ufrgs.br/esefid/ppgcmh/,Porto Alegre ,Campus Olímpico,,01/03/2027,24,Português/Inglês/Espanhol
,,,,UFRGS,,Mestrado,,Programa de Pós-Graduação em Ciências Veterinárias,,https://www.ufrgs.br/ppgcv/,Porto Alegre ,Campus do Vale,,01/03/2027,24,Português/Inglês/Espanhol
,,,,UFRGS,,Mestrado,,Programa de Pós-graduação em Política Social e Serviço Social,,https://www.ufrgs.br/ppgpservicosocial/,Porto Alegre ,Campus do Vale,,01/03/2027,24,Português/Inglês/Espanhol
,,,,UFRGS,,Mestrado,,Programa de Pós-graduação em Geografia ,,https://www.ufrgs.br/posgea/,Porto Alegre ,Campus do Vale,,01/03/2027,24,Português/Inglês/Espanhol
,,,,,,,,,,,,,,,,
43,Sudeste,Espírito Santo,Universidade Federal do Espírito Santo                                              ,UFES,,Mestrado,N/A,Programa de pós-graduação em Ciências Contábeis,,https://cienciascontabeis.ufes.br/pt-br/pos-graduacao/PPGCC,Vitória/ES,Goiabeiras,,08/03/2027,24,Português intermediário (Nível B1/B2)
,,,,UFES,,Mestrado,,Programa de pós-graduação em Engenharia Civil,,https://engenhariacivil.ufes.br/pt-br/pos-graduacao/PPGEC,Vitória/ES,Goiabeiras,,09/03/2027,24,português
,,,,UFES,,Mestrado,,Programa de pós-graduação em Saúde Coletiva,,saudecoletiva.ufes.br,Vitória/ES,Maruípe,,08/02/2026,24,Português (fluente) e Espanhol (fluente)
,,,,UFES,,Mestrado,,Programa de pós-graduação em Educação,,http://www.educacao.ufes.br/,Vitória/ES,Goiabeiras,,01/04/2027,24,portugês (fala e escrita)
,,,,UFES,,Mestrado,,Programa de pós-graduação em Engenharia Elétrica,,https://ele.ufes.br/,Vitória-ES,Goiabeiras,,08/03/2027,24,"Português, Espanhol, Inglês"
,,,,UFES,,Mestrado,,Programa de pós-graduação em Engenharia Ambiental,,https://engenhariaambiental.ufes.br/pt-br/pos-graduacao/PPGEA,Vitória/ES,Goiabeiras,,08/03/2027,24,Português intermediário (Nível B1/B2)
,,,,UFES,,Mestrado,,Programa de pós-graduação em Linguística,,https://linguistica.ufes.br/,Vitória/ES,Goiabeiras,,09/03/2027,24,"Tomando como base os níveis de proficiência previstos pelo CELPE-Bras, consideramos necessário que o candidato tenha um nível de proficiência em língua portuguesa avançado ou avançado superior."
,,,,UFES,,Mestrado,,Programa de pós-graduação em Direito Processual,,https://direito.ufes.br/,Vitória/ES,Goiabeiras,,20/03/2027,24,"Português, Espanhol e Italiano."
,,,,UFES,,Mestrado,,Programa de pós-graduação em Filosofia,,filosofia.ufes.br,Vitória/ES,Goiabeiras,,09/03/2027,24,"Português, Espanhol, Italiano, Inglês, Francês e Alemão (fluentes)."
,,,,,,,,,,,,,,,,
44,Sudeste,Minas Gerais,Universidade Federal de Uberlândia                                              ,UFU,,Mestrado,N/A,Odontologia,,http://www.ppgoufu.com/,Uberlândia,Umuarama,,01/08/2027,24,"Português, Inglês, Espanhol ou Francês (Nível intermediário)"
,,,,UFU,,Mestrado,,História,,www.ppghi.inhis.ufu.br,Uberlândia,Santa Monica,,01/03/2027,24,Português 
,,,,UFU,,Mestrado,,Qualidade Ambiental,,https://ppgmq.iciag.ufu.br/,Uberlândia,Glória,,01/03/2027,24,"Português B1, Inglês B1"
,,,,UFU,,Mestrado,,Agronomia,,https://ppgagro.iciag.ufu.br,Uberlândia,Glória,,01/03/2027,24,Ingles ou Espanhol
,,,,UFU,,Mestrado,,Ciências Veterinárias,,https://ppgcv.fmvz.ufu.br,Uberlândia,Umuarama e Glória,,01/03/2027,24,"Português intermediário, inglês intermediário"
,,,,UFU,,Mestrado,,Estudos Linguísticos,,http://www.ppgel.ileel.ufu.br/,Uberlândia,Santa Mônica,,01/03/2027,24,Português e Inglês
,,,,UFU,,Mestrado,,Psicologia,,https://ppgpsi.ip.ufu.br/,Uberlândia,Umuarama,,01/08/2027,24,"Português (Exigência - falante proficiente de país de origem com língua portuguesa ou quadro de referência europeu de idiomas nível B2+ - Para candidatos/as estrangeiros/as não lusófonos/as será exigido também o certificado de proficiência em língua portuguesa.). Mestrado (Inglês - Certificado de leitura instrumental acadêmica em ciências humanas por universidade pública de ensino superior brasileira ou quadro de referência europeu de idiomas nível B2+); Doutorado (2 idiomas, sendo um deles o inglês e o outro alemão, espanhol ou francês - Certificado de leitura instrumental acadêmica em ciências humanas por universidade pública de ensino superior brasileira ou certificado de quadro de referência europeu de idiomas nível B2+)"
,,,,UFU,,Mestrado,,Direito,,http://www.cmdip.fadir.ufu.br/,Uberlândia,Santa Mônica,,01/03/2027,24,Português Intermediário
,,,,UFU,,Mestrado,,Geografia,,https://ppgeo.igesc.ufu.br/,Uberlândia,Santa Mônica,,01/03/2027,24,Português
,,,,UFU,,Mestrado,,Física,,https://ppgfis.infis.ufu.br/,Uberlândia,Santa Mônica,,01/03/2027,24,Português
,,,,UFU,,Mestrado,,Genética e Bioqúmica,,https://ppggb.ibtec.ufu.br/,Uberlândia,Umuarama,,01/08/2027,24,
,,,,UFU,,Mestrado,,Biotecnologia,,https://ppgbiotec.ibtec.ufu.br/,Patos de Minas,Patos de Minas,,01/03/2027,24,"Português, nível médio"
,,,,UFU,,Mestrado,,Filosofia,,https://ppgfil.ifilo.ufu.br/,Uberlândia,Santa Mônica,,01/03/2027,24,"Português, Espanhol e Inglês"
,,,,UFU,,Mestrado,,Economia,,https://www.ppge.ieri.ufu.br/,Uberlândia,Santa Mônica,,01/03/2027,24,"Os cursos do PPGE-UFU são ministrados em língua portuguesa, sendo, portanto, necessário que o candidato possua, no mínimo, nível intermediário de proficiência nesse idioma. Durante o curso de Mestrado, antes da realização do exame de qualificação, o discente deverá comprovar proficiência em língua inglesa e, no caso de candidatos oriundos de países não lusófonos, também deverá comprovar proficiência em língua portuguesa."
,,,,UFU,,Mestrado,,Arquitetura e Urbanismo,,coord.ppgau@faued.ufu.br,Uberlândia,Santa Mônica,,01/08/2027,24,Português; Inglês
,,,,,,,,,,,,,,,,
45,Sudeste,Minas Gerais,Universidade Federal de São João del-Rei                                            ,UFSJ,,Mestrado,,Programa de Pós-graduação em Geografia (área de Geografia Física),,https://ufsj.edu.br/ppgeog/about_us.php,São João del-Rei - MG,CTan - Campus Tandredo Neves,,01/03/2027,24,"Inglês, Português e/ou Espanhol FLUENTES ou Alemão intermediário."
,,,,UFSJ,,Mestrado,,Programa de Pós-graduação em Geografia (área de Geografia Humana ou Ensino de Geografia),,https://ufsj.edu.br/ppgeog/about_us.php,São João del-Rei - MG,CTan - Campus Tandredo Neves,,01/03/2027,24,"Inglês, Português e/ou Espanhol FLUENTES ou Alemão intermediário."
,,,,UFSJ,,Mestrado,,Programa de Pós-graduação em Biotecnologia,,https://ufsj.edu.br/ppgbiotec/ ,Divinópolis - MG,CCO - Campus Centro-Oeste Dona Lindu,,01/03/2027,24,Português / Inglês
,,,,UFSJ,,Mestrado,,Programa de Pós-graduação em Filosofia,,https://ufsj.edu.br/ppgfil/ ,São João del-Rei - MG,CDB - Campus Dom Bosco,,01/08/2027,24,"Português (escrita, leitura e compreensão intermediária); Espanhol (escrita, leitura e compreensão intermediária); Inglês (escrita, leitura e compreensão intermediária)."
,,,,UFSJ,,Mestrado,,Programa de Pós-graduação em Ciências Morfofuncionais,,https://ufsj.edu.br/ppgcm/,São João del-Rei - MG,CDB - Campus Dom Bosco,,,24,Necessário inglês fluente. Desejável português intermediário
,,,,UFSJ,,Mestrado,,Programa de Pós-graduação em Ciências da Saúde,,https://ufsj.edu.br/ppgcs/,Divinópolis - MG,CCO - Campus Centro-Oeste Dona Lindu,,01/03/2027,24,Português ou Inglês
,,,,UFSJ,,Mestrado,,Programa de Pós-graduação em Bioengenharia,,https://www.ufsj.edu.br/ppbe,São João del-Rei - MG ou Sete Lagoas - MG,CDB - Campus Dom Bosco (SJDR) ou Embrapa Milho e Sorgo (CSL),,01/03/2027,24,"Português, Inglês ou Espanhol"
,,,,UFSJ,,Mestrado,,Programa de Pós-graduação em Enfermagem,,https://ufsj.edu.br/pgenf/,Divinópolis - MG,CCO - Campus Centro-Oeste Dona Lindu,,01/03/2027,24,Português
,,,,UFSJ,,Mestrado,,Programa de Pós-graduação em Música,,https://www.ufsj.edu.br/ppgmusi,São João del-Rei - MG,CTan - Campus Tandredo Neves,,01/03/2027,24,Português
,,,,UFSJ,,Mestrado,,Programa de Pós-graduação em Educação,,https://ufsj.edu.br/mestradoeducacao/,São João del-Rei - MG,CDB - Campus Dom Bosco,,01/03/2027,24,Português
,,,,UFSJ,,Mestrado,,Programa de Pós-graduação em Física e Química de Materiais,,httpas://ufsj.edu.br/fqmat,São João del-Rei - MG,CDB - Campus Dom Bosco,,01/03/2027,24,"Português, Inglês ou Espanhol"
,,,,,,,,,,,,,,,,
46,Sudeste,Minas Gerais,Universidade Federal do Triângulo Mineiro                                            ,UFTM,,Mestrado,,Atenção à Saúde,,https://www.uftm.edu.br/stricto-sensu/ppgas,Uberaba,Sede - Uberaba,,03/03/2027,24,Português / Inglês
,,,,UFTM,,Mestrado,,Biociências,,https://sistemas.uftm.edu.br/integrado/sitesCursos/ppgcf?idCurso=535&lang=pt-BR&pag=1,Uberaba,Sede - Uberaba,,01/10/2027,24,Português / Espanhol
,,,,UFTM,,Mestrado,,Ciência e Tecnologia de Materiais ,,https://sistemas.uftm.edu.br/integrado/sitesCursos/mestrado_em_ciencia_e_tecnologia_de_materiais/?idCurso=545&lang=pt-BR&pag=1,Uberaba,Sede - Uberaba,,05/05/2027,24,Inglês / Espanhol / Português
,,,,UFTM,,Mestrado,,Educação,,https://sistemas.uftm.edu.br/integrado/sitesCursos/ppge/?idCurso=543&lang=pt-BR&pag=3,Uberaba,Sede - Uberaba,,01/04/2027,24,Portugues / Espanhol / Inglês / Francês
,,,,UFTM,,Mestrado,,Educação Física,,https://www.uftm.edu.br/stricto-sensu/ppgef,Uberaba,Sede - Uberaba,,02/08/2027,24,Inglês / Espanhol / Português 
,,,,UFTM,,Mestrado,,Física e Química Biomolecular,,https://sistemas.uftm.edu.br/integrado/sitesCursos/mestrado_em_fisica_e_quimica_biomolecular?idCurso=666&lang=pt-BR&pag=1,Uberaba,Sede - Uberaba,,03/03/2027,24,Português / Inglês
,,,,UFTM,,Mestrado,,Ocupação e Cotidiano,,https://sistemas.uftm.edu.br/integrado/sitesCursos/ppgoc/?idCurso=615&lang=pt-BR&pag=1,Uberaba,Sede - Uberaba,,02/08/2027,24,Português / Inglês / Espanhol / Francês
,,,,UFTM,,Mestrado,,Psicologia,,https://sistemas.uftm.edu.br/integrado/sitesCursos/mestrado_em_psicologia/?idCurso=548&lang=pt-BR&pag=1,Uberaba,Sede - Uberaba,,03/03/2027,24,Português / Inglês
,,,,,,,,,,,,,,,,
47,Sudeste,Minas Gerais,Universidade Federal de Viçosa                                               ,UFV,,Mestrado,N/A,Economia Aplicada,,www.poseconomiaaplicada.ufv.br,Viçosa,Viçosa,,03/01/2027,24,"Português, Inglês básico (disciplinas básicas ofertadas em português)"
,,,,UFV,,Mestrado,,Engenharia Civil,,https://posengenhariacivil.ufv.br/,Viçosa,Viçosa,,08/03/2027,24,Inglês
,,,,UFV,,Mestrado,,Extensão Rural,,https://extensao-rural.ufv.br/,Viçosa,Viçosa,,03/01/2027,24,Português ou Espanhol básico + Inglês
,,,,UFV,,Mestrado,,Biologia Animal,,www.posbioanimal.ufv.br,Viçosa,Viçosa,,08/03/2027,24,Inglês
,,,,UFV,,Mestrado,,Comunicação e Regionalidades,,www.ppgcom.ufv.br,Viçosa,Viçosa,,09/08/2027,24,Português
,,,,,,,,,,,,,,,,
,,,,,,,,,,,,,,,,
49,Sudeste,Minas Gerais,"
Universidade Federal de Lavras                                             ",UFLA,,Mestrado,N/A,Recursos Hídricos,,https://sigaa.ufla.br/sigaa/public/programa/apresentacao.jsf?lc=pt_BR&id=1787,Lavras,Lavras,,01/03/2027,18,Português
,,,,UFLA,,Mestrado,,Ecologia Aplicada,,https://sigaa.ufla.br/sigaa/public/programa/portal.jsf?lc=pt_BR&id=1798,Lavras,Lavras,,01/03/2027,24,"Portugês, espanhol"
,,,,UFLA,,Mestrado,,Ciência e Tecnologia da Madeira,,https://sigaa.ufla.br/sigaa/public/programa/portal.jsf?lc=pt_BR&id=1800,Lavras,Lavras,,01/03/2027,24,"Portugês, espanhol"
,,,,UFLA,,Mestrado,,Biotecnologia Vegetal,,https://sigaa.ufla.br/sigaa/public/programa/portal.jsf?lc=pt_BR&id=1799,Lavras,Lavras ,,01/03/2027,24,"Português, espanhol"
,,,,UFLA,,Mestrado,,Educação Física,,https://sigaa.ufla.br/sigaa/public/programa/portal.jsf?lc=pt_BR&id=3009,Lavras,Lavras,,01/03/2027,24,"Português, espanhol"
,,,,UFLA,,Mestrado,,Física,,https://prpg.ufla.br/_ppg/fisica/,Lavras,Lavras,,01/03/2027,24,Português
,,,,UFLA,,Mestrado,,Ciência dos Alimentos,,https://sigaa.ufla.br/sigaa/public/programa/apresentacao.jsf?lc=pt_BR&id=1699,Lavras,Lavras,,01/03/2027,24,Português
,,,,UFLA,,Mestrado,,Genética e Melhoramento de Plantas,,https://sigaa.ufla.br/sigaa/public/programa/apresentacao.jsf?lc=pt_BR&id=1701,Lavras,Lavras,,01/03/2027,24,"Português, espanhol"
,,,,UFLA,,Mestrado,,Letras,,https://sigaa.ufla.br/sigaa/public/programa/portal.jsf?lc=pt&id=2592,Lavras,Lavras,,01/03/2027,24,"Português, espanhol, inglês"
,,,,,,,,,,,,,,,,
50,Sudeste,Minas Gerais,Universidade Federal de Alfenas                                              ,UNIFAL-MG,,Mestrado,,Programa de Pós-Graduação em Biotecnologia,,https://www.unifal-mg.edu.br/ppgbiotec/,Alfenas-MG,Sede,,04/01/2027,24,"Português, Inglês ou Espanhol"
,,,,UNIFAL-MG,,Mestrado,,Programa de Pós-Graduação em Geografia,,https://www.unifal-mg.edu.br/ppgeo/,Alfenas-MG,Unidade Educacional Santa Clara,,01/03/2027,24,"Português, Inglês ou Espanhol"
,,,,UNIFAL-MG,,Mestrado,,Programa de Pós Graduação em Estatística Aplicada e Biometria,,https://www.unifal-mg.edu.br/ppgeab/,Alfenas-MG,Sede,,01/03/2027,24,Português
,,,,UNIFAL-MG,,Mestrado,,Programa de Pós-Graduação em Ciências Farmacêuticas,,https://www.unifal-mg.edu.br/ppgcf/,Alfenas-MG,Sede,,01/03/2027,24,"Inglês, nível médio"
,,,,,,,,,,,,,,,,
51,Sudeste,Minas Gerais,Universidade do Estado de Minas Gerais                                              ,UEMG,,Mestrado,,Programa de Pós-Graduação em Artes,,https://pos.uemg.br/ppgartes,Belo Horizonte ,Escola de Música/Escola Guignard,,01/02/2027,24,"Inglês, espanhol e português. (Todos idiomas no nível avançado)."
,,,,UEMG,,Mestrado,,Programa de Pós-Graduação em Biociências e Saúde Humana,,https://pos.uemg.br/ppgbsh,Divinópolis,Divinópolis,,01/01/2027,24,"Português, inglês e espanhol"
,,,,UEMG,,Mestrado,,Programa de Pós-Graduação em Ciências Ambientais,, https://pos.uemg.br/ppgciamb,Frutal,Frutal,,01/01/2027,24,Português e espanhol
,,,,UEMG,,Mestrado,,Programa de Pós-Graduação em Design,,https://pos.uemg.br/ppgd,Belo Horizonte ,Escola de Design,,01/02/2027,24,Português e inglês
,,,,UEMG,,Mestrado,,Programa de Pós-Graduação em Educação,,ppgeduc.fae@uemg.br ,Belo Horizonte ,Faculdade de Educação,,01/01/2027,24,Português e inglês
,,,,UEMG,,Mestrado,,Programa de Pós-Graduação em Design de Moda,,https://pos.uemg.br/ppgdm,Belo Horizonte ,Escola de Design,,01/01/2027,24,Português e inglês
,,,,UEMG,,Mestrado,,Práticas Musicais,,https://pos.uemg.br/ppgpm,Belo Horizonte ,Escola de Música,,01/02/2027,24,Português e espanhol nível intermediário. (Obs: pode colocar inglês: reading - como pré-requisito)
,,,,UEMG,,Mestrado,,Programa de Pós-Graduação em Desenvolvimento Regional e Meio Ambiente,,https://pos.uemg.br/ppgdrma,Passos,Passos,,01/01/2027,24,"Inglês, espanhol e português. (Todos idiomas no nível avançado)."
,,,,,,,,,,,,,,,,
52,Sudeste,Minas Gerais,Universidade Federal de Minas Gerais                                              ,UFMG,,Mestrado,,Alimentos e Saúde,,https://www.ufmg.br/montesclaros/mestrado-em-alimentos-e-saude/,Montes Claros,Instituto de Ciências Agrárias,,01/03/2027,24,Português e inglês
,,,,UFMG,,Mestrado,,Biologia Celular,,http://pgbiologiacelular.icb.ufmg.br/,Belo Horizonte,Pampulha,,01/03/2027,24,Português e inglês
,,,,UFMG,,Mestrado,,Ciências e Técnicas Nucleares,,https://www.cctn.nuclear.ufmg.br/,Belo Horizonte,Pampulha,,01/03/2027,24,Português e inglês
,,,,UFMG,,Mestrado,,"Engenharia Metalúrgica, Materiais e de Minas ",,https://ppgem.eng.ufmg.br/,Belo Horizonte,Pampulha,,01/03/2027,24,Português e inglês
,,,,UFMG,,Mestrado,,Genética,,https://www.pggenetica.icb.ufmg.br/selecdown.php,Belo Horizonte,Pampulha,,01/03/2027,24,"Português, inglês e espanhol"
,,,,UFMG,,Mestrado,,Odontologia,,https://posgrad.odonto.ufmg.br/,Belo Horizonte,Pampulha,,01/08/2027,24,Português
,,,,UFMG,,Mestrado,,Produção Animal,,https://www.ufmg.br/montesclaros/mestrado-em-producao-animal/,Montes Claros,Instituto de Ciências Agrárias,,01/03/2027,24,Português e inglês
,,,,,,,,,,,,,,,,
53,Sudeste,Minas Gerais,Universidade Federal de Ouro Preto                                              ,UFOP,,Mestrado,N/A,Biotecnologia,,https://biotec.nupeb.ufop.br/,Ouro Preto,Morro do Cruzeiro,,08/03/2027,24,Inglês ou espanhol (avançado)
,,,,UFOP,,Mestrado,,Ciências,,https://fimat.ufop.br/,Ouro Preto,Morro do Cruzeiro,,03/08/2027,24,Português ou espanhol (intermediário ou avançado)
,,,,UFOP,,Mestrado,,Comunicação ,,https://ppgcom.ufop.br/,Mariana,Instituto de Ciênicias Sociais Aplicadas,,08/03/2027,24,Português ou espanhol (intermediário ou avançado)
,,,,UFOP,,Mestrado,,Direito,,https://novosdireitos.ufop.br/,Ouro Preto,Morro do Cruzeiro,,08/03/2027,24,Português fluente
,,,,UFOP,,Mestrado,,Economia Aplicada,,https://ppea.ufop.br/,Mariana,Instituto de Ciênicias Sociais Aplicadas,,08/02/2027,24,Português ou espanhol ou inglês (avançado)
,,,,UFOP,,Mestrado,,Educação Matemática,,https://ppgedmat.ufop.br/ ,Ouro Preto,Morro do Cruzeiro,,08/03/2027,24,Português fluente
,,,,UFOP,,Mestrado,,Engenharia de Materiais,,https://redemat.ufop.br/,Ouro Preto,Morro do Cruzeiro,,03/08/2027,24,Português ou espanhol (intermediário ou avançado)
,,,,UFOP,,Mestrado,,Engenharia de Produção,,https://ppgep.ufop.br/,Ouro Preto ou João Monlevade,Morro do Cruzeiro ou Instituto de Ciências Exatas e Aplicadas,,08/03/2027,24,Português ou espanhol (avançado)
,,,,UFOP,,Mestrado,,Engenharia Mineral ,,https://ppgem.ufop.br/,Ouro Preto,Morro do Cruzeiro,,08/03/2027,24,Português fluente
,,,,UFOP,,Mestrado,,Geotecnia,,https://nugeo.ufop.br/,Ouro Preto,Morro do Cruzeiro,,08/03/2027,24,Português ou espanhol (avançado)
,,,,UFOP,,Mestrado,,"Instrumentação, Controle e Automação de Processos de Mineração",,https://proficam.ufop.br/,Ouro Preto,Morro do Cruzeiro,,08/03/2027,24,Português fluente
,,,,UFOP,,Mestrado,,Química,,https://www.ppgquimica.ufop.br/,Ouro Preto,Morro do Cruzeiro,,03/08/2027,24,Português ou espanhol (intermediário ou avançado)
,,,,,,,,,,,,,,,,
54,Sudeste,Minas Gerais,Universidade Federal dos Vales do Jequitinhonha e Mucuri                     ,UFVJM,,Mestrado,,Programa de Pós-graduação em Ciências Farmacêuticas,,PPGCFAR - PROGRAMA DE PÓS GRADUAÇÃO EM CIÊNCIAS FARMACÊUTICAS,Diamantina e Teófilo Otoni,JK e Mucuri,,01/03/2027,24,Nível B1 (Inglês ou Português)
,,,,UFVJM,,Mestrado,,Programa de Pós-graduação em Estudos Rurais (Mestrado),,Processo seletivo - PPGER,Diamantina,JK,,01/08/2027,24,Nível bábisco portuquês
,,,,UFVJM,,Mestrado,,Programa de Pós-Graduaçã em Administração Pública (Mestrado),,PPGAP - Programa de Pós-Graduação em Administração Pública,Teofilo Otoni,Mucuri,,03/01/2027,24,Nível B1 (Inglês ou Português)
,,,,UFVJM,,Mestrado,,Programa de Pós-Graduação em Turismo e Territórios Protegidos,,https://sgppg.com.br/ppg/ppgttep/43/,Diamantina,JK,,03/01/2027,24,Nível básico em Português
,,,,UFVJM,,Mestrado,,Programa de Pós-Graduação em Química,,https://sgppg.com.br/ppg/ppgq-programa-de-pos-graduacao-em-quimica/9/,"Diamantina, Teófilo Otoni",JK ou Mucuri,,03/01/2027,24,"Nível B1(Inglês, Português e espanhol)"
,,,,UFVJM,,Mestrado,,Programa de Pós-Graduação em Geologia,,https://ppggeo.ict.ufvjm.edu.br/ ,Diamantina,JK,,01/03/2027,24,Nível B1 (Inglês ou Português)
,,,,UFVJM,,Mestrado,,Programa de Pós-Graduação em Ciências da Saúde,,https://sgppg.com.br/ppg/ppgcs-programa-de-pos-graduacao-em-ciencias-da-saude/35/,"Diamantina, Teófilo Otoni",JK ou Mucuri,,01/03/2027,24,"Nível B1(Inglês, Português e espanhol)"
,,,,UFVJM,,Mestrado,,Programa de Pós-graduação em Produção Vegetal (Mestrado),,PPGPV - PROGRAMA DE PÓS-GRADUAÇÃO EM PRODUÇÃO VEGETAL,Diamantina e Unaí,JK e Unaí,,01/03/2027,24,Nível B1(Inglês ou Português ou espanhol)
,,,,UFVJM,,Mestrado,,Programa de Pós-graduação em Reabilitação e Desempenho Funcional,,http://bit.ly/ppgreab_ufvjm,Diamantina,JK,,01/03/2027,24,"Nível B1 (Inglês, Português e espanhol)"
,,,,,,,,,,,,,,,,
55,Sudeste,Minas Gerais, Centro Federal de Educação Tecnológica de Minas Gerais (CEFET-MG)                    ,CEFET-MG,,Mestrado,,Mestrado em Engenharia Civil,,www.ppgec.cefetmg.br,Belo Horizonte,Belo Horizonte,,01/03/2027,24,Português intermediário
,,,,CEFET-MG,,Mestrado,,Mestrado em Engenharia de Materiais,,https://posmat.cefetmg.br/,Belo Horizonte,Belo Horizonte,,01/03/2027,24,Português intermediário
,,,,CEFET-MG,,Mestrado,,Mestrado em Modelagem Matemática e Computacional,,https://ppgmmc.cefetmg.br/,Belo Horizonte,Nova Gameleira,,01/03/2027,24,Português intermediário
,,,,CEFET-MG,,Mestrado,,Administração,,https://www.dppg.cefetmg.br/pos-graduacao/programas-stricto-sensu/programa-de-pos-graduacao-em-administracao/,Belo Horizonte,Nova Gameleira,,01/03/2027,24,Português intermediário
,,,,CEFET-MG,,Mestrado,,Engenharia de Minas,,https://ppgmin.cefetmg.br/,Araxá,Araxá,,01/03/2027,24,Português intermediário
,,,,,,,,,,,,,,,,
56,Sudeste,Rio de Janeiro,Centro Federal de Educação Tecnológica Celso Suckow da Fonseca                                               ,Cefet/RJ,,Mestrado,N/A,Desenvolvimento Regional e Sistemas Produtivos,,https://dippg.cefet-rj.br/ppdsp/,Nova Iguaçu-RJ,Nova Iguaçu,,15/02/2027,24,PT/EN/ES (B2)
,,,,Cefet/RJ,,Mestrado,,Relações Étnico-Raciais,,https://dippg.cefet-rj.br/pprer/,Rio de Janeiro-RJ,Maracanã,,15/02/2027,24,PT/EN/ES (B2)
,,,,Cefet/RJ,,Mestrado,,Engenharia de Produção e Sistemas,,https://dippg.cefet-rj.br/pppro/,Rio de Janeiro-RJ,Maracanã,,15/02/2027,24,PT/EN/ES (B2)
,,,,Cefet/RJ,,Mestrado,,Engenharia Elétrica,,https://dippg.cefet-rj.br/ppeel/,Rio de Janeiro-RJ,Maracanã,,15/02/2027,24,PT/EN/ES (B2)
,,,,,,,,,,,,,,,,
57,Sudeste,Rio de Janeiro,Universidade Federal Rural do Rio de Janeiro                                              ,UFRRJ,,Mestrado,N/A,Pósgraduação em Fitossanidade e Biotecnologia Aplicada,,https://cursos.ufrrj.br/posgraduacao/ppgfba/,Seropédica,Seropédica,,10/03/2027,24,Português e/ou Espanhol
,,,,,,,,,,,,,,,,
58,Sudeste,São Paulo,"
Universidade Federal de São Paulo                                               ",UNIFESP,,Mestrado,N/A,Programa de Pós-Graduação em Educação,,https://ppg.unifesp.br/educacao/en/,Guarulhos,Guarulhos,,01/03/2027,30,Português
,,,,UNIFESP,,Mestrado,,Ciência Cirúrgica Interdisciplinar,,https://ppg.unifesp.br/cienciacirurgica/,São Paulo,São Paulo-EPM,,01/04/2027,24,português
,,,,UNIFESP,,Mestrado,,Análise Ambiental Integrada,,https://ppgaai.unifesp.br/english,Diadema,Diadema,,01/08/2026,24,português
,,,,UNIFESP,,Mestrado,,Programa de Pós-Graduação em Filosofia,,https://ppg.unifesp.br/filosofia/,Guarulhos,Guarulhos,,01/03/2027,24,português
,,,,UNIFESP,,Mestrado,,Programa de Pós-Graduação em Engenharia Química,,https://ppg.unifesp.br/eq/,Diadema,Diadema,,01/03/2027,24,português
,,,,UNIFESP,,Mestrado,,Saúde Baseada em Evidências,,https://ppg.unifesp.br/evidencias/en/,São Paulo,São Paulo,,01/04/2027,24,português
,,,,UNIFESP,,Mestrado,,Interdisciplinar em Ciência e Tecnologia do Mar,,https://unifesp.br/campus/san7/home-ppgictmar-english,Santos,Baixada Santista,,01/04/2027,24,"Português, Espanhol ou Inglês"
,,,,,,,,,,,,,,,,
59,Sudeste,São Paulo,"
Universidade Federal de São Carlos                                               ",UFSCar,,Mestrado,N/A,Programa de Pós-Graduação em Terapia Ocupacional,,https://www.ppgto.ufscar.br/pt-br/ppgto-programa-de-pos-graduacao-em-terapia-ocupacional,São Carlos,São Carlos,,01/03/2027,24,Português (Brasil)
,,,,UFSCar,,Mestrado,,Programa de Pós-Graduação em Engenharia de Produção,,https://www.ppgeps.ufscar.br/pt-br,Sorocaba,Sorocaba,,01/02/2027,24,Português (Brasil)
,,,,UFSCar,,Mestrado,,Programa de Pós-graduação em Educação Especial,,https://www.ppgees.ufscar.br/pt-br,São Carlos,São Carlos,,01/03/2027,24,Português (Brasil)
,,,,UFSCar,,Mestrado,,Programa de Pós Graduação em Engenharia de Produção,,https://www.ppgep.ufscar.br/pt-br,São Carlos,São Carlos,,01/03/2027,24,Português (Brasil)
,,,,UFSCar,,Mestrado,,Programa de Pós-graduação em Planejamento e Uso de Recursos Renováveis,,https://www.ppgpur.ufscar.br/pt-br,Sorocaba,Sorocaba,,01/03/2027,24,Português (Brasil)
,,,,UFSCar,,Mestrado,,Programa de Pós-Graduação em Economia,,https://www.ppgec.ufscar.br/pt-br,Sorocaba,Sorocaba,,01/02/2027,24,"Português (Brasil), Espanhol e Inglês"
,,,,UFSCar,,Mestrado,,Programa de Pós-Graduação em Engenharia Urbana,,https://www.ppgeu.ufscar.br/pt-br,São Carlos,São Carlos,,01/03/2027,24,Português (Brasil) e Inglês
,,,,UFSCar,,Mestrado,,Programa de Pós-Graduação em Biotecnologia e Monitoramento Ambiental,,https://www.ppgbma.ufscar.br/pt-br,Sorocaba,Sorocaba,,01/03/2027,24,Português (Brasil)
,,,,UFSCar,,Mestrado,,Programa de Pós Graduação em Educação,,www.ppgedsorocaba.ufscar.br,Sorocaba,Sorocaba,,01/03/2027,24,Portugues (Brasil)
,,,,UFSCar,,Mestrado,,Programa de Pós-graduação em Linguística,,https://www.ppgl.ufscar.br/pt-br,São Carlos,São Carlos,,01/03/2027,24,"Português (Brasil), Inglês, Espanhol e Francês"
,,,,UFSCar,,Mestrado,,Programa de Pós-Graduação em Enfermagem,,https://www.ppgenf.ufscar.br/pt-br,São Carlos,São Carlos,,01/03/2027,24,"Português, Inglês, Espanhol e Francês"
,,,,,,,,,,,,,,,,
60,Sudeste,São Paulo,Universidade Presbiteriana Mackenzie                                             ,UPM,,Mestrado,N/A,Ciências do Desenvolvimento Humano,,Programa de Pós-Graduação em Ciências do Desenvolvimento Humano | Universidade Campus Higienópolis - Mackenzie,São Paulo ,Higienópolis,,08/02/2027,24,Português e Inglês
,,,,,,,,,,,,,,,,
61,Sudeste,São Paulo,"
Universidade Estadual de Campinas                                              ",UNICAMP,,Mestrado,N/A,Engenharia Química,,https://www.feq.unicamp.br/pos-graduacao/sobre-a-pos-graduacao/,Campinas-SP,Campinas,,22/02/2027,24,Deve ter português e inglês em nível mínimo de intermediário (B1)
,,,,UNICAMP,,Mestrado,,Química,,https://www.iqm.unicamp.br/pos-graduacao/,Campinas-SP,Campinas-SP,,22/02/2027,24,"Inglês (intermediário), espanhol (intermediário) ou português (intermediário)"
,,,,UNICAMP,,Mestrado,,Enfermagem,,https://www.fenf.unicamp.br/pos-graduacao/,Campinas-SP,Campinas-SP,,22/02/2027,24,Portugues intermediário e Inglês básico com ( TEAP mínimo de 50 pontos).
,,,,UNICAMP,,Mestrado,,Geociências,,https://portal.ige.unicamp.br/pos-graduacao/programas/geociencias,Campinas-SP,Campinas-SP,,22/02/2027,24,"Inglês: IELTS (5.0), TOEFL-PBT (500), TOEFL-IBT65), TOEFL-ITP (510), TEAP (50), CEL-UNICAMP (5.0)"
,,,,UNICAMP,,Mestrado,,Artes da Cena,,https://www.iar.unicamp.br/pos-graduacao-em-artes-da-cena/,Campinas-SP,Campinas-SP,,22/02/2027,24,Português. Espanhol ou Inglês B1
,,,,UNICAMP,,Mestrado,,Ciências Farmacêuticas,,https://www.fcf.unicamp.br/ppgcf/,Campinas-SP,Campinas-SP,,22/02/2027,24,"Inglês, Espanhol ou Portugues intermediário."
,,,,UNICAMP,,Mestrado,,"Arquitetura, Tecnologia e Cidade",,https://www.fecfau.unicamp.br/pos/ppgatc/arquitetura-tecnologia%3C-p%3E-e-cidade/,Campinas-SP,Campinas-SP,,22/02/2027,24,"O idioma do programa é português, mas exige-se proficiência em inglês. Os requisitos são os seguintes:
 - Inglês IELTS (nota mínima 6,0);
 - TOEFL ou ITP-TOEFL (mínimo de 496 pontos (tradicional) ou 170 pontos (CBT-computador) ou 61 pontos (IBT - internet);
 - Proficiência da União Cultural (nota mínima B2 - Upper Intermediate);
 - Exames da Universidade de Cambridge (FCE, CAE e CPE);
 - Centro de Ensino de Línguas (CEL/UNICAMP) - Exame de Proficiência para Pós- Graduação - NOTA IGUAL OU SUPERIOR A 7,0 (SETE);
 - Serão aceitos exames declaradamente equivalentes a classificação B2 do CEFR (Common European Framework of Reference for Languages)."
,,,,UNICAMP,,Mestrado,,Engenharia Agrícola,,https://www.feagri.unicamp.br/portal/,Campinas-SP,Campinas-SP,,22/02/2027,24,Português e Inglês
,,,,UNICAMP,,Mestrado,,Filosofia,,,Campinas-SP,Campinas-SP,,22/02/2027,24,"português, inglês, francês, espanhol, alemão e italiano."
,,,,UNICAMP,,Mestrado,,Ciências e Engenharia de Petróleo,,https://www.fem.unicamp.br/pos-graduacao/ciencias-e-engenharia-de-petroleo/,Campinas-SP,Campinas-SP,,22/02/2027,24,https://www.fem.unicamp.br/wp-content/uploads/sites/60/2025/12/PPG-CEP-Instrucao-CP-CEP-03.2025-Proficiencia-em-lingua-estrangeira-Da-nova-redacao-a-Instrucao-01_2016.pdf
,,,,UNICAMP,,Mestrado,,Engenharia Mecânica,,https://www.fem.unicamp.br/pos-graduacao/engenharia-mecanica-cpg/,Campinas-SP,Campinas-SP,,22/02/2027,24,https://www.fem.unicamp.br/wp-content/uploads/sites/60/2024/11/Instrucao-CP-EM-FEM-011.pdf
,,,,UNICAMP,,Mestrado,,Planejamento de Sistemas Energéticos,,https://www.fem.unicamp.br/pos-graduacao/planejamento-de-sistemas-energeticos/,Campinas-SP,Campinas-SP,,22/02/2027,24,https://www.fem.unicamp.br/wp-content/uploads/sites/60/2024/11/Alteracao_Instrucao_CP-PSE_01.2022_-_Proficiencia_em_lingua_estrangeira_-_Aprovada_pela_Congregacao_em_21.10.2024.pdf
,,,,UNICAMP,,Mestrado,,Engenharia de Alimentos,,https://fea.unicamp.br/pos-graduacao/engenharia-de-alimentos/,Campinas-SP,Campinas-SP,,22/02/2027,24,"Português, Espanhol, Inglês (Avançados, B2)"
,,,,UNICAMP,,Mestrado,,Ciência de Alimentos,,https://fea.unicamp.br/pos-graduacao/ciencia-de-alimentos/,Campinas-SP,Campinas-SP,,22/02/2027,24,"Português, Espanhol, Inglês"
,,,,UNICAMP,,Mestrado,,Alimentos e Nutrição,,https://fea.unicamp.br/pos-graduacao/alimentos-e-nutricao/,Campinas-SP,Campinas-SP,,22/02/2027,24,"Português, Espanhol, Inglês"
,,,,UNICAMP,,Mestrado,,Tecnologia de Alimentos,,https://fea.unicamp.br/pos-graduacao/tecnologia-de-alimentos/,Campinas-SP,Campinas-SP,,22/02/2027,24,"Português, Espanhol, Inglês (Avançados, B2)"
,,,,UNICAMP,,Mestrado,,Biologia Animal,,https://www.ib.unicamp.br/pos_animal/,Campinas-SP,Campinas-SP,,22/02/2027,24,Inglês ou espanhol
,,,,UNICAMP,,Mestrado,,Engenharia Civil,,https://www.fecfau.unicamp.br/pos/ppgec/o-programa/,Campinas-SP,Campinas-SP,,22/02/2027,24,Proficiência em língua inglesa nos seguintes níveis: Cambridge English: B2 First (FCE) (antigo FCE) – Pontuação: 160–179 na Cambridge English Scale.IELTS Academic: Nota 5.5 a 6.5.TOEFL iBT: Pontuação total de 72 a 94.Duolingo English Test: 100 a 115 pontos.EF SET: 51 a 60 pontos (EF SET Express) ou 59-75 (EF SET 50 min)
,,,,UNICAMP,,Mestrado,,Engenharia Elétrica,,https://www.fee.unicamp.br/pos-graduacao/sobre-a-pos-graduacao/,Campinas-SP,Campinas-SP,,22/02/2027,24,Proficiência em inglês
,,,,UNICAMP,,Mestrado,,Antropologia Social,,https://www.ifch.unicamp.br/pos/antropologia,Campinas-SP,Campinas-SP,,22/02/2027,24,Inglês e português
,,,,UNICAMP,,Mestrado,,Clínica Odontológica,,https://www.fop.unicamp.br/cpg/ppg-co/,Piracicaba-SP,FOP,,22/02/2027,24,Compreensão de português e/ou inglês técnico/espanhol
,,,,UNICAMP,,Mestrado,,Política Científica e Tecnológica (PPG-PCT),,https://portal.ige.unicamp.br/,Campinas-SP,Campinas-SP,,22/02/2027,24,"Inglês (habilitado para leitura), espanhol e português. As maioria das disciplinas são minsitradas em português"
,,,,UNICAMP,,Mestrado,,Farmacologia,,https://portal.fcm.unicamp.br/pos-graduacao/mestrado-doutorado-stricto-sensu/farmacologia/,Campinas-SP,Campinas-SP,,22/02/2027,24,Ingles e Português
,,,,UNICAMP,,Mestrado,,Gerontologia,,https://portal.fcm.unicamp.br/pos-graduacao/mestrado-doutorado-stricto-sensu/gerontologia/,Campinas-SP,Campinas-SP,,22/02/2027,24,"TEAP (Test of English for Academic Purposes) – www.teseprime.org.br, com escore mínimo de 70; TOEFL: 71 pontos para o IBT ou 527 pontos para o ITP; Cambridge English First CAE ou FCE B2; IELTS: escore mínimo 6,0; CEL-Unicamp: escore mínimo 7,0; DET (Duolingo English Test): escore mínimo 105"
,,,,UNICAMP,,Mestrado,,Tocoginecologia,,https://portal.fcm.unicamp.br/pos-graduacao/mestrado-doutorado-stricto-sensu/tocoginecologia/,Campinas-SP,Campinas-SP,,22/02/2027,24,"Inglês com certificado de proficiência. Para candidatos estrangeiros cuja língua materna seja o Inglês, deverão apresentar
 proficiência em Língua Portuguesa"
,,,,UNICAMP,,Mestrado,,Saúde da Criança e do Adolescente,,https://portal.fcm.unicamp.br/pos-graduacao/mestrado-doutorado-stricto-sensu/saude-da-crianca-e-do-adolescente/,Campinas-SP,Campinas-SP,,22/02/2027,24,Português
,,,,UNICAMP,,Mestrado,,Linguística,,www.iel.unicamp.br,Campinas-SP,Campinas-SP,,22/02/2027,24,Inglês
,,,,UNICAMP,,Mestrado,,Linguística Aplicada,,www.iel.unicamp.br,Campinas-SP,Campinas-SP,,22/02/2027,24,"Inglês, Francês ou Espanhol"
,,,,UNICAMP,,Mestrado,,Divulgação Científica e Cultural,,https://www.labjor.unicamp.br/pos-graduacao/divulgacao-cientifica-e-cultural/informacoes-gerais/,Campinas-SP,Campinas-SP,,22/02/2027,24,Português e espanhol (proficiência a partir do nível B2)
,,,,,,,,,,,,,,,,
62,Sudeste,São Paulo,"Universidade Estadual Paulista ""Júlio de Mesquita Filho""                                             ",Unesp,,Mestrado,N/A,Agronegócio e Desenvolvimento,,https://www.tupa.unesp.br/#!/pgad,Tupã,Faculdade de Ciências e Engenharia - Tupã,,01/03/2027,24,"O PGAD ministra suas aulas majoritaritariamente na língua portuguesa, devendo o candidato ter nível intermediário superior, ou seja, uma pessoa independente que entende e produz textos mais complexos, comunicando-se com nativos com certa fluidez."
,,,,Unesp,,Mestrado,,Química,,https://www.ibilce.unesp.br/#!/pos-graduacao/programas-de-pos-graduacao/quimica,São José do Rio Preto,"Instituto de Biociências, Letras e Ciências Exatas - São José do Rio Preto",,04/03/2027,24,Inglês e Espanhol
,,,,Unesp,,Mestrado,,Ciências Cartográficas,,https://www.fct.unesp.br/#!/pos-graduacao/--ciencias-cartograficas/,Presidente Prudente,Faculdade de Ciências e Tecnologia - Presidente Prudente,,01/03/2027,24,Português\nEspanhol\ninglês
,,,,Unesp,,Mestrado,,"Alimentos, Nutrição e Engenharia de Alimentos",,https://www.ibilce.unesp.br/#!/pos-graduacao/programas-de-pos-graduacao/engenharia-e-ciencia-de-alimentos/,São José do Rio Preto ou Araraquara,"Faculdade de Ciências Farmacêuticas - Araraquara / Instituto de Biociências, Letras e Ciências Exatas - São José do Rio Preto",,08/03/2027,30,"Português.\nSegundo Instrução Normativa 5 do PPG ANEA, § 1º A comprovação de proficiência em língua portuguesa deverá ocorrer no prazo máximo de seis meses após o ingresso do aluno no programa, mediante apresentação de certificado de conclusão de curso em língua portuguesa, expedido no máximo em dois anos."
,,,,Unesp,,Mestrado,,Ciências da Saúde e Comunicação Humana,,https://www.marilia.unesp.br/#!/poscsch,Marília,Faculdade de Filosofia e Ciências - Marília,,01/04/2027,24,"Estudantes com fluência em inglês ou espanhol e que tenham necessariamente, no minimo, nivel basico em português. "
,,,,Unesp,,Mestrado,,Ciência Animal,,https://www.fcav.unesp.br/#!/ensino/pos-graduacao-new/programas/stricto-sensu/ciencia-animal,Jaboticabal,Faculdade de Ciências Agrárias e Veterinárias - Jaboticabal,,04/01/2027,24,Português e inglês 
,,,,Unesp,,Mestrado,,Educação Matemática,,https://igce.rc.unesp.br/#!/pos-graduacao/programas-de-pos/educacao-matematica/,Rio Claro,Instituto de Geociências e Ciências Exatas - Rio Claro,,01/03/2027,24,"Português, espanhol ou inglês."
,,,,,,,,,,,,,,,,
,,,,,,,,,,,,,,,,
,,,,,,,,,,,,,,,,
,,,,,,,,,,,,,,,,
,,,,,,,,,,,,,,,,
,,,,,,,,,,,,,,,,
,,,,,,,,,,,,,,,,
,,,,,,,,,,,,,,,,
,,,,,,,,,,,,,,,,
,,,,,,,,,,,,,,,,
,,,,,,,,,,,,,,,,
,,,,,,,,,,,,,,,,
,,,,,,,,,,,,,,,,
,,,,,,,,,,,,,,,,
,,,,,,,,,,,,,,,,
,,,,,,,,,,,,,,,,
,,,,,,,,,,,,,,,,
,,,,,,,,,,,,,,,,
,,,,,,,,,,,,,,,,
,,,,,,,,,,,,,,,,
,,,,,,,,,,,,,,,,
,,,,,,,,,,,,,,,,
,,,,,,,,,,,,,,,,
,,,,,,,,,,,,,,,,
,,,,,,,,,,,,,,,,
,,,,,,,,,,,,,,,,
,,,,,,,,,,,,,,,,
,,,,,,,,,,,,,,,,
,,,,,,,,,,,,,,,,
,,,,,,,,,,,,,,,,
,,,,,,,,,,,,,,,,
,,,,,,,,,,,,,,,,
,,,,,,,,,,,,,,,,
